"mtry","ntree","nodesize"
2,1000,10
3,1000,10
4,1000,10
5,1000,10
6,1000,10
7,1000,10
8,1000,10
9,1000,10
10,1000,10
11,1000,10
12,1000,10
13,1000,10
14,1000,10
15,1000,10
2,2000,10
3,2000,10
4,2000,10
5,2000,10
6,2000,10
7,2000,10
8,2000,10
9,2000,10
10,2000,10
11,2000,10
12,2000,10
13,2000,10
14,2000,10
15,2000,10
2,3000,10
3,3000,10
4,3000,10
5,3000,10
6,3000,10
7,3000,10
8,3000,10
9,3000,10
10,3000,10
11,3000,10
12,3000,10
13,3000,10
14,3000,10
15,3000,10
2,4000,10
3,4000,10
4,4000,10
5,4000,10
6,4000,10
7,4000,10
8,4000,10
9,4000,10
10,4000,10
11,4000,10
12,4000,10
13,4000,10
14,4000,10
15,4000,10
2,5000,10
3,5000,10
4,5000,10
5,5000,10
6,5000,10
7,5000,10
8,5000,10
9,5000,10
10,5000,10
11,5000,10
12,5000,10
13,5000,10
14,5000,10
15,5000,10
2,6000,10
3,6000,10
4,6000,10
5,6000,10
6,6000,10
7,6000,10
8,6000,10
9,6000,10
10,6000,10
11,6000,10
12,6000,10
13,6000,10
14,6000,10
15,6000,10
2,7000,10
3,7000,10
4,7000,10
5,7000,10
6,7000,10
7,7000,10
8,7000,10
9,7000,10
10,7000,10
11,7000,10
12,7000,10
13,7000,10
14,7000,10
15,7000,10
2,8000,10
3,8000,10
4,8000,10
5,8000,10
6,8000,10
7,8000,10
8,8000,10
9,8000,10
10,8000,10
11,8000,10
12,8000,10
13,8000,10
14,8000,10
15,8000,10
2,9000,10
3,9000,10
4,9000,10
5,9000,10
6,9000,10
7,9000,10
8,9000,10
9,9000,10
10,9000,10
11,9000,10
12,9000,10
13,9000,10
14,9000,10
15,9000,10
2,10000,10
3,10000,10
4,10000,10
5,10000,10
6,10000,10
7,10000,10
8,10000,10
9,10000,10
10,10000,10
11,10000,10
12,10000,10
13,10000,10
14,10000,10
15,10000,10
2,1000,20
3,1000,20
4,1000,20
5,1000,20
6,1000,20
7,1000,20
8,1000,20
9,1000,20
10,1000,20
11,1000,20
12,1000,20
13,1000,20
14,1000,20
15,1000,20
2,2000,20
3,2000,20
4,2000,20
5,2000,20
6,2000,20
7,2000,20
8,2000,20
9,2000,20
10,2000,20
11,2000,20
12,2000,20
13,2000,20
14,2000,20
15,2000,20
2,3000,20
3,3000,20
4,3000,20
5,3000,20
6,3000,20
7,3000,20
8,3000,20
9,3000,20
10,3000,20
11,3000,20
12,3000,20
13,3000,20
14,3000,20
15,3000,20
2,4000,20
3,4000,20
4,4000,20
5,4000,20
6,4000,20
7,4000,20
8,4000,20
9,4000,20
10,4000,20
11,4000,20
12,4000,20
13,4000,20
14,4000,20
15,4000,20
2,5000,20
3,5000,20
4,5000,20
5,5000,20
6,5000,20
7,5000,20
8,5000,20
9,5000,20
10,5000,20
11,5000,20
12,5000,20
13,5000,20
14,5000,20
15,5000,20
2,6000,20
3,6000,20
4,6000,20
5,6000,20
6,6000,20
7,6000,20
8,6000,20
9,6000,20
10,6000,20
11,6000,20
12,6000,20
13,6000,20
14,6000,20
15,6000,20
2,7000,20
3,7000,20
4,7000,20
5,7000,20
6,7000,20
7,7000,20
8,7000,20
9,7000,20
10,7000,20
11,7000,20
12,7000,20
13,7000,20
14,7000,20
15,7000,20
2,8000,20
3,8000,20
4,8000,20
5,8000,20
6,8000,20
7,8000,20
8,8000,20
9,8000,20
10,8000,20
11,8000,20
12,8000,20
13,8000,20
14,8000,20
15,8000,20
2,9000,20
3,9000,20
4,9000,20
5,9000,20
6,9000,20
7,9000,20
8,9000,20
9,9000,20
10,9000,20
11,9000,20
12,9000,20
13,9000,20
14,9000,20
15,9000,20
2,10000,20
3,10000,20
4,10000,20
5,10000,20
6,10000,20
7,10000,20
8,10000,20
9,10000,20
10,10000,20
11,10000,20
12,10000,20
13,10000,20
14,10000,20
15,10000,20
2,1000,30
3,1000,30
4,1000,30
5,1000,30
6,1000,30
7,1000,30
8,1000,30
9,1000,30
10,1000,30
11,1000,30
12,1000,30
13,1000,30
14,1000,30
15,1000,30
2,2000,30
3,2000,30
4,2000,30
5,2000,30
6,2000,30
7,2000,30
8,2000,30
9,2000,30
10,2000,30
11,2000,30
12,2000,30
13,2000,30
14,2000,30
15,2000,30
2,3000,30
3,3000,30
4,3000,30
5,3000,30
6,3000,30
7,3000,30
8,3000,30
9,3000,30
10,3000,30
11,3000,30
12,3000,30
13,3000,30
14,3000,30
15,3000,30
2,4000,30
3,4000,30
4,4000,30
5,4000,30
6,4000,30
7,4000,30
8,4000,30
9,4000,30
10,4000,30
11,4000,30
12,4000,30
13,4000,30
14,4000,30
15,4000,30
2,5000,30
3,5000,30
4,5000,30
5,5000,30
6,5000,30
7,5000,30
8,5000,30
9,5000,30
10,5000,30
11,5000,30
12,5000,30
13,5000,30
14,5000,30
15,5000,30
2,6000,30
3,6000,30
4,6000,30
5,6000,30
6,6000,30
7,6000,30
8,6000,30
9,6000,30
10,6000,30
11,6000,30
12,6000,30
13,6000,30
14,6000,30
15,6000,30
2,7000,30
3,7000,30
4,7000,30
5,7000,30
6,7000,30
7,7000,30
8,7000,30
9,7000,30
10,7000,30
11,7000,30
12,7000,30
13,7000,30
14,7000,30
15,7000,30
2,8000,30
3,8000,30
4,8000,30
5,8000,30
6,8000,30
7,8000,30
8,8000,30
9,8000,30
10,8000,30
11,8000,30
12,8000,30
13,8000,30
14,8000,30
15,8000,30
2,9000,30
3,9000,30
4,9000,30
5,9000,30
6,9000,30
7,9000,30
8,9000,30
9,9000,30
10,9000,30
11,9000,30
12,9000,30
13,9000,30
14,9000,30
15,9000,30
2,10000,30
3,10000,30
4,10000,30
5,10000,30
6,10000,30
7,10000,30
8,10000,30
9,10000,30
10,10000,30
11,10000,30
12,10000,30
13,10000,30
14,10000,30
15,10000,30
2,1000,40
3,1000,40
4,1000,40
5,1000,40
6,1000,40
7,1000,40
8,1000,40
9,1000,40
10,1000,40
11,1000,40
12,1000,40
13,1000,40
14,1000,40
15,1000,40
2,2000,40
3,2000,40
4,2000,40
5,2000,40
6,2000,40
7,2000,40
8,2000,40
9,2000,40
10,2000,40
11,2000,40
12,2000,40
13,2000,40
14,2000,40
15,2000,40
2,3000,40
3,3000,40
4,3000,40
5,3000,40
6,3000,40
7,3000,40
8,3000,40
9,3000,40
10,3000,40
11,3000,40
12,3000,40
13,3000,40
14,3000,40
15,3000,40
2,4000,40
3,4000,40
4,4000,40
5,4000,40
6,4000,40
7,4000,40
8,4000,40
9,4000,40
10,4000,40
11,4000,40
12,4000,40
13,4000,40
14,4000,40
15,4000,40
2,5000,40
3,5000,40
4,5000,40
5,5000,40
6,5000,40
7,5000,40
8,5000,40
9,5000,40
10,5000,40
11,5000,40
12,5000,40
13,5000,40
14,5000,40
15,5000,40
2,6000,40
3,6000,40
4,6000,40
5,6000,40
6,6000,40
7,6000,40
8,6000,40
9,6000,40
10,6000,40
11,6000,40
12,6000,40
13,6000,40
14,6000,40
15,6000,40
2,7000,40
3,7000,40
4,7000,40
5,7000,40
6,7000,40
7,7000,40
8,7000,40
9,7000,40
10,7000,40
11,7000,40
12,7000,40
13,7000,40
14,7000,40
15,7000,40
2,8000,40
3,8000,40
4,8000,40
5,8000,40
6,8000,40
7,8000,40
8,8000,40
9,8000,40
10,8000,40
11,8000,40
12,8000,40
13,8000,40
14,8000,40
15,8000,40
2,9000,40
3,9000,40
4,9000,40
5,9000,40
6,9000,40
7,9000,40
8,9000,40
9,9000,40
10,9000,40
11,9000,40
12,9000,40
13,9000,40
14,9000,40
15,9000,40
2,10000,40
3,10000,40
4,10000,40
5,10000,40
6,10000,40
7,10000,40
8,10000,40
9,10000,40
10,10000,40
11,10000,40
12,10000,40
13,10000,40
14,10000,40
15,10000,40
2,1000,50
3,1000,50
4,1000,50
5,1000,50
6,1000,50
7,1000,50
8,1000,50
9,1000,50
10,1000,50
11,1000,50
12,1000,50
13,1000,50
14,1000,50
15,1000,50
2,2000,50
3,2000,50
4,2000,50
5,2000,50
6,2000,50
7,2000,50
8,2000,50
9,2000,50
10,2000,50
11,2000,50
12,2000,50
13,2000,50
14,2000,50
15,2000,50
2,3000,50
3,3000,50
4,3000,50
5,3000,50
6,3000,50
7,3000,50
8,3000,50
9,3000,50
10,3000,50
11,3000,50
12,3000,50
13,3000,50
14,3000,50
15,3000,50
2,4000,50
3,4000,50
4,4000,50
5,4000,50
6,4000,50
7,4000,50
8,4000,50
9,4000,50
10,4000,50
11,4000,50
12,4000,50
13,4000,50
14,4000,50
15,4000,50
2,5000,50
3,5000,50
4,5000,50
5,5000,50
6,5000,50
7,5000,50
8,5000,50
9,5000,50
10,5000,50
11,5000,50
12,5000,50
13,5000,50
14,5000,50
15,5000,50
2,6000,50
3,6000,50
4,6000,50
5,6000,50
6,6000,50
7,6000,50
8,6000,50
9,6000,50
10,6000,50
11,6000,50
12,6000,50
13,6000,50
14,6000,50
15,6000,50
2,7000,50
3,7000,50
4,7000,50
5,7000,50
6,7000,50
7,7000,50
8,7000,50
9,7000,50
10,7000,50
11,7000,50
12,7000,50
13,7000,50
14,7000,50
15,7000,50
2,8000,50
3,8000,50
4,8000,50
5,8000,50
6,8000,50
7,8000,50
8,8000,50
9,8000,50
10,8000,50
11,8000,50
12,8000,50
13,8000,50
14,8000,50
15,8000,50
2,9000,50
3,9000,50
4,9000,50
5,9000,50
6,9000,50
7,9000,50
8,9000,50
9,9000,50
10,9000,50
11,9000,50
12,9000,50
13,9000,50
14,9000,50
15,9000,50
2,10000,50
3,10000,50
4,10000,50
5,10000,50
6,10000,50
7,10000,50
8,10000,50
9,10000,50
10,10000,50
11,10000,50
12,10000,50
13,10000,50
14,10000,50
15,10000,50
2,1000,60
3,1000,60
4,1000,60
5,1000,60
6,1000,60
7,1000,60
8,1000,60
9,1000,60
10,1000,60
11,1000,60
12,1000,60
13,1000,60
14,1000,60
15,1000,60
2,2000,60
3,2000,60
4,2000,60
5,2000,60
6,2000,60
7,2000,60
8,2000,60
9,2000,60
10,2000,60
11,2000,60
12,2000,60
13,2000,60
14,2000,60
15,2000,60
2,3000,60
3,3000,60
4,3000,60
5,3000,60
6,3000,60
7,3000,60
8,3000,60
9,3000,60
10,3000,60
11,3000,60
12,3000,60
13,3000,60
14,3000,60
15,3000,60
2,4000,60
3,4000,60
4,4000,60
5,4000,60
6,4000,60
7,4000,60
8,4000,60
9,4000,60
10,4000,60
11,4000,60
12,4000,60
13,4000,60
14,4000,60
15,4000,60
2,5000,60
3,5000,60
4,5000,60
5,5000,60
6,5000,60
7,5000,60
8,5000,60
9,5000,60
10,5000,60
11,5000,60
12,5000,60
13,5000,60
14,5000,60
15,5000,60
2,6000,60
3,6000,60
4,6000,60
5,6000,60
6,6000,60
7,6000,60
8,6000,60
9,6000,60
10,6000,60
11,6000,60
12,6000,60
13,6000,60
14,6000,60
15,6000,60
2,7000,60
3,7000,60
4,7000,60
5,7000,60
6,7000,60
7,7000,60
8,7000,60
9,7000,60
10,7000,60
11,7000,60
12,7000,60
13,7000,60
14,7000,60
15,7000,60
2,8000,60
3,8000,60
4,8000,60
5,8000,60
6,8000,60
7,8000,60
8,8000,60
9,8000,60
10,8000,60
11,8000,60
12,8000,60
13,8000,60
14,8000,60
15,8000,60
2,9000,60
3,9000,60
4,9000,60
5,9000,60
6,9000,60
7,9000,60
8,9000,60
9,9000,60
10,9000,60
11,9000,60
12,9000,60
13,9000,60
14,9000,60
15,9000,60
2,10000,60
3,10000,60
4,10000,60
5,10000,60
6,10000,60
7,10000,60
8,10000,60
9,10000,60
10,10000,60
11,10000,60
12,10000,60
13,10000,60
14,10000,60
15,10000,60
2,1000,70
3,1000,70
4,1000,70
5,1000,70
6,1000,70
7,1000,70
8,1000,70
9,1000,70
10,1000,70
11,1000,70
12,1000,70
13,1000,70
14,1000,70
15,1000,70
2,2000,70
3,2000,70
4,2000,70
5,2000,70
6,2000,70
7,2000,70
8,2000,70
9,2000,70
10,2000,70
11,2000,70
12,2000,70
13,2000,70
14,2000,70
15,2000,70
2,3000,70
3,3000,70
4,3000,70
5,3000,70
6,3000,70
7,3000,70
8,3000,70
9,3000,70
10,3000,70
11,3000,70
12,3000,70
13,3000,70
14,3000,70
15,3000,70
2,4000,70
3,4000,70
4,4000,70
5,4000,70
6,4000,70
7,4000,70
8,4000,70
9,4000,70
10,4000,70
11,4000,70
12,4000,70
13,4000,70
14,4000,70
15,4000,70
2,5000,70
3,5000,70
4,5000,70
5,5000,70
6,5000,70
7,5000,70
8,5000,70
9,5000,70
10,5000,70
11,5000,70
12,5000,70
13,5000,70
14,5000,70
15,5000,70
2,6000,70
3,6000,70
4,6000,70
5,6000,70
6,6000,70
7,6000,70
8,6000,70
9,6000,70
10,6000,70
11,6000,70
12,6000,70
13,6000,70
14,6000,70
15,6000,70
2,7000,70
3,7000,70
4,7000,70
5,7000,70
6,7000,70
7,7000,70
8,7000,70
9,7000,70
10,7000,70
11,7000,70
12,7000,70
13,7000,70
14,7000,70
15,7000,70
2,8000,70
3,8000,70
4,8000,70
5,8000,70
6,8000,70
7,8000,70
8,8000,70
9,8000,70
10,8000,70
11,8000,70
12,8000,70
13,8000,70
14,8000,70
15,8000,70
2,9000,70
3,9000,70
4,9000,70
5,9000,70
6,9000,70
7,9000,70
8,9000,70
9,9000,70
10,9000,70
11,9000,70
12,9000,70
13,9000,70
14,9000,70
15,9000,70
2,10000,70
3,10000,70
4,10000,70
5,10000,70
6,10000,70
7,10000,70
8,10000,70
9,10000,70
10,10000,70
11,10000,70
12,10000,70
13,10000,70
14,10000,70
15,10000,70
2,1000,80
3,1000,80
4,1000,80
5,1000,80
6,1000,80
7,1000,80
8,1000,80
9,1000,80
10,1000,80
11,1000,80
12,1000,80
13,1000,80
14,1000,80
15,1000,80
2,2000,80
3,2000,80
4,2000,80
5,2000,80
6,2000,80
7,2000,80
8,2000,80
9,2000,80
10,2000,80
11,2000,80
12,2000,80
13,2000,80
14,2000,80
15,2000,80
2,3000,80
3,3000,80
4,3000,80
5,3000,80
6,3000,80
7,3000,80
8,3000,80
9,3000,80
10,3000,80
11,3000,80
12,3000,80
13,3000,80
14,3000,80
15,3000,80
2,4000,80
3,4000,80
4,4000,80
5,4000,80
6,4000,80
7,4000,80
8,4000,80
9,4000,80
10,4000,80
11,4000,80
12,4000,80
13,4000,80
14,4000,80
15,4000,80
2,5000,80
3,5000,80
4,5000,80
5,5000,80
6,5000,80
7,5000,80
8,5000,80
9,5000,80
10,5000,80
11,5000,80
12,5000,80
13,5000,80
14,5000,80
15,5000,80
2,6000,80
3,6000,80
4,6000,80
5,6000,80
6,6000,80
7,6000,80
8,6000,80
9,6000,80
10,6000,80
11,6000,80
12,6000,80
13,6000,80
14,6000,80
15,6000,80
2,7000,80
3,7000,80
4,7000,80
5,7000,80
6,7000,80
7,7000,80
8,7000,80
9,7000,80
10,7000,80
11,7000,80
12,7000,80
13,7000,80
14,7000,80
15,7000,80
2,8000,80
3,8000,80
4,8000,80
5,8000,80
6,8000,80
7,8000,80
8,8000,80
9,8000,80
10,8000,80
11,8000,80
12,8000,80
13,8000,80
14,8000,80
15,8000,80
2,9000,80
3,9000,80
4,9000,80
5,9000,80
6,9000,80
7,9000,80
8,9000,80
9,9000,80
10,9000,80
11,9000,80
12,9000,80
13,9000,80
14,9000,80
15,9000,80
2,10000,80
3,10000,80
4,10000,80
5,10000,80
6,10000,80
7,10000,80
8,10000,80
9,10000,80
10,10000,80
11,10000,80
12,10000,80
13,10000,80
14,10000,80
15,10000,80
2,1000,90
3,1000,90
4,1000,90
5,1000,90
6,1000,90
7,1000,90
8,1000,90
9,1000,90
10,1000,90
11,1000,90
12,1000,90
13,1000,90
14,1000,90
15,1000,90
2,2000,90
3,2000,90
4,2000,90
5,2000,90
6,2000,90
7,2000,90
8,2000,90
9,2000,90
10,2000,90
11,2000,90
12,2000,90
13,2000,90
14,2000,90
15,2000,90
2,3000,90
3,3000,90
4,3000,90
5,3000,90
6,3000,90
7,3000,90
8,3000,90
9,3000,90
10,3000,90
11,3000,90
12,3000,90
13,3000,90
14,3000,90
15,3000,90
2,4000,90
3,4000,90
4,4000,90
5,4000,90
6,4000,90
7,4000,90
8,4000,90
9,4000,90
10,4000,90
11,4000,90
12,4000,90
13,4000,90
14,4000,90
15,4000,90
2,5000,90
3,5000,90
4,5000,90
5,5000,90
6,5000,90
7,5000,90
8,5000,90
9,5000,90
10,5000,90
11,5000,90
12,5000,90
13,5000,90
14,5000,90
15,5000,90
2,6000,90
3,6000,90
4,6000,90
5,6000,90
6,6000,90
7,6000,90
8,6000,90
9,6000,90
10,6000,90
11,6000,90
12,6000,90
13,6000,90
14,6000,90
15,6000,90
2,7000,90
3,7000,90
4,7000,90
5,7000,90
6,7000,90
7,7000,90
8,7000,90
9,7000,90
10,7000,90
11,7000,90
12,7000,90
13,7000,90
14,7000,90
15,7000,90
2,8000,90
3,8000,90
4,8000,90
5,8000,90
6,8000,90
7,8000,90
8,8000,90
9,8000,90
10,8000,90
11,8000,90
12,8000,90
13,8000,90
14,8000,90
15,8000,90
2,9000,90
3,9000,90
4,9000,90
5,9000,90
6,9000,90
7,9000,90
8,9000,90
9,9000,90
10,9000,90
11,9000,90
12,9000,90
13,9000,90
14,9000,90
15,9000,90
2,10000,90
3,10000,90
4,10000,90
5,10000,90
6,10000,90
7,10000,90
8,10000,90
9,10000,90
10,10000,90
11,10000,90
12,10000,90
13,10000,90
14,10000,90
15,10000,90
2,1000,100
3,1000,100
4,1000,100
5,1000,100
6,1000,100
7,1000,100
8,1000,100
9,1000,100
10,1000,100
11,1000,100
12,1000,100
13,1000,100
14,1000,100
15,1000,100
2,2000,100
3,2000,100
4,2000,100
5,2000,100
6,2000,100
7,2000,100
8,2000,100
9,2000,100
10,2000,100
11,2000,100
12,2000,100
13,2000,100
14,2000,100
15,2000,100
2,3000,100
3,3000,100
4,3000,100
5,3000,100
6,3000,100
7,3000,100
8,3000,100
9,3000,100
10,3000,100
11,3000,100
12,3000,100
13,3000,100
14,3000,100
15,3000,100
2,4000,100
3,4000,100
4,4000,100
5,4000,100
6,4000,100
7,4000,100
8,4000,100
9,4000,100
10,4000,100
11,4000,100
12,4000,100
13,4000,100
14,4000,100
15,4000,100
2,5000,100
3,5000,100
4,5000,100
5,5000,100
6,5000,100
7,5000,100
8,5000,100
9,5000,100
10,5000,100
11,5000,100
12,5000,100
13,5000,100
14,5000,100
15,5000,100
2,6000,100
3,6000,100
4,6000,100
5,6000,100
6,6000,100
7,6000,100
8,6000,100
9,6000,100
10,6000,100
11,6000,100
12,6000,100
13,6000,100
14,6000,100
15,6000,100
2,7000,100
3,7000,100
4,7000,100
5,7000,100
6,7000,100
7,7000,100
8,7000,100
9,7000,100
10,7000,100
11,7000,100
12,7000,100
13,7000,100
14,7000,100
15,7000,100
2,8000,100
3,8000,100
4,8000,100
5,8000,100
6,8000,100
7,8000,100
8,8000,100
9,8000,100
10,8000,100
11,8000,100
12,8000,100
13,8000,100
14,8000,100
15,8000,100
2,9000,100
3,9000,100
4,9000,100
5,9000,100
6,9000,100
7,9000,100
8,9000,100
9,9000,100
10,9000,100
11,9000,100
12,9000,100
13,9000,100
14,9000,100
15,9000,100
2,10000,100
3,10000,100
4,10000,100
5,10000,100
6,10000,100
7,10000,100
8,10000,100
9,10000,100
10,10000,100
11,10000,100
12,10000,100
13,10000,100
14,10000,100
15,10000,100
2,1000,110
3,1000,110
4,1000,110
5,1000,110
6,1000,110
7,1000,110
8,1000,110
9,1000,110
10,1000,110
11,1000,110
12,1000,110
13,1000,110
14,1000,110
15,1000,110
2,2000,110
3,2000,110
4,2000,110
5,2000,110
6,2000,110
7,2000,110
8,2000,110
9,2000,110
10,2000,110
11,2000,110
12,2000,110
13,2000,110
14,2000,110
15,2000,110
2,3000,110
3,3000,110
4,3000,110
5,3000,110
6,3000,110
7,3000,110
8,3000,110
9,3000,110
10,3000,110
11,3000,110
12,3000,110
13,3000,110
14,3000,110
15,3000,110
2,4000,110
3,4000,110
4,4000,110
5,4000,110
6,4000,110
7,4000,110
8,4000,110
9,4000,110
10,4000,110
11,4000,110
12,4000,110
13,4000,110
14,4000,110
15,4000,110
2,5000,110
3,5000,110
4,5000,110
5,5000,110
6,5000,110
7,5000,110
8,5000,110
9,5000,110
10,5000,110
11,5000,110
12,5000,110
13,5000,110
14,5000,110
15,5000,110
2,6000,110
3,6000,110
4,6000,110
5,6000,110
6,6000,110
7,6000,110
8,6000,110
9,6000,110
10,6000,110
11,6000,110
12,6000,110
13,6000,110
14,6000,110
15,6000,110
2,7000,110
3,7000,110
4,7000,110
5,7000,110
6,7000,110
7,7000,110
8,7000,110
9,7000,110
10,7000,110
11,7000,110
12,7000,110
13,7000,110
14,7000,110
15,7000,110
2,8000,110
3,8000,110
4,8000,110
5,8000,110
6,8000,110
7,8000,110
8,8000,110
9,8000,110
10,8000,110
11,8000,110
12,8000,110
13,8000,110
14,8000,110
15,8000,110
2,9000,110
3,9000,110
4,9000,110
5,9000,110
6,9000,110
7,9000,110
8,9000,110
9,9000,110
10,9000,110
11,9000,110
12,9000,110
13,9000,110
14,9000,110
15,9000,110
2,10000,110
3,10000,110
4,10000,110
5,10000,110
6,10000,110
7,10000,110
8,10000,110
9,10000,110
10,10000,110
11,10000,110
12,10000,110
13,10000,110
14,10000,110
15,10000,110
2,1000,120
3,1000,120
4,1000,120
5,1000,120
6,1000,120
7,1000,120
8,1000,120
9,1000,120
10,1000,120
11,1000,120
12,1000,120
13,1000,120
14,1000,120
15,1000,120
2,2000,120
3,2000,120
4,2000,120
5,2000,120
6,2000,120
7,2000,120
8,2000,120
9,2000,120
10,2000,120
11,2000,120
12,2000,120
13,2000,120
14,2000,120
15,2000,120
2,3000,120
3,3000,120
4,3000,120
5,3000,120
6,3000,120
7,3000,120
8,3000,120
9,3000,120
10,3000,120
11,3000,120
12,3000,120
13,3000,120
14,3000,120
15,3000,120
2,4000,120
3,4000,120
4,4000,120
5,4000,120
6,4000,120
7,4000,120
8,4000,120
9,4000,120
10,4000,120
11,4000,120
12,4000,120
13,4000,120
14,4000,120
15,4000,120
2,5000,120
3,5000,120
4,5000,120
5,5000,120
6,5000,120
7,5000,120
8,5000,120
9,5000,120
10,5000,120
11,5000,120
12,5000,120
13,5000,120
14,5000,120
15,5000,120
2,6000,120
3,6000,120
4,6000,120
5,6000,120
6,6000,120
7,6000,120
8,6000,120
9,6000,120
10,6000,120
11,6000,120
12,6000,120
13,6000,120
14,6000,120
15,6000,120
2,7000,120
3,7000,120
4,7000,120
5,7000,120
6,7000,120
7,7000,120
8,7000,120
9,7000,120
10,7000,120
11,7000,120
12,7000,120
13,7000,120
14,7000,120
15,7000,120
2,8000,120
3,8000,120
4,8000,120
5,8000,120
6,8000,120
7,8000,120
8,8000,120
9,8000,120
10,8000,120
11,8000,120
12,8000,120
13,8000,120
14,8000,120
15,8000,120
2,9000,120
3,9000,120
4,9000,120
5,9000,120
6,9000,120
7,9000,120
8,9000,120
9,9000,120
10,9000,120
11,9000,120
12,9000,120
13,9000,120
14,9000,120
15,9000,120
2,10000,120
3,10000,120
4,10000,120
5,10000,120
6,10000,120
7,10000,120
8,10000,120
9,10000,120
10,10000,120
11,10000,120
12,10000,120
13,10000,120
14,10000,120
15,10000,120
2,1000,130
3,1000,130
4,1000,130
5,1000,130
6,1000,130
7,1000,130
8,1000,130
9,1000,130
10,1000,130
11,1000,130
12,1000,130
13,1000,130
14,1000,130
15,1000,130
2,2000,130
3,2000,130
4,2000,130
5,2000,130
6,2000,130
7,2000,130
8,2000,130
9,2000,130
10,2000,130
11,2000,130
12,2000,130
13,2000,130
14,2000,130
15,2000,130
2,3000,130
3,3000,130
4,3000,130
5,3000,130
6,3000,130
7,3000,130
8,3000,130
9,3000,130
10,3000,130
11,3000,130
12,3000,130
13,3000,130
14,3000,130
15,3000,130
2,4000,130
3,4000,130
4,4000,130
5,4000,130
6,4000,130
7,4000,130
8,4000,130
9,4000,130
10,4000,130
11,4000,130
12,4000,130
13,4000,130
14,4000,130
15,4000,130
2,5000,130
3,5000,130
4,5000,130
5,5000,130
6,5000,130
7,5000,130
8,5000,130
9,5000,130
10,5000,130
11,5000,130
12,5000,130
13,5000,130
14,5000,130
15,5000,130
2,6000,130
3,6000,130
4,6000,130
5,6000,130
6,6000,130
7,6000,130
8,6000,130
9,6000,130
10,6000,130
11,6000,130
12,6000,130
13,6000,130
14,6000,130
15,6000,130
2,7000,130
3,7000,130
4,7000,130
5,7000,130
6,7000,130
7,7000,130
8,7000,130
9,7000,130
10,7000,130
11,7000,130
12,7000,130
13,7000,130
14,7000,130
15,7000,130
2,8000,130
3,8000,130
4,8000,130
5,8000,130
6,8000,130
7,8000,130
8,8000,130
9,8000,130
10,8000,130
11,8000,130
12,8000,130
13,8000,130
14,8000,130
15,8000,130
2,9000,130
3,9000,130
4,9000,130
5,9000,130
6,9000,130
7,9000,130
8,9000,130
9,9000,130
10,9000,130
11,9000,130
12,9000,130
13,9000,130
14,9000,130
15,9000,130
2,10000,130
3,10000,130
4,10000,130
5,10000,130
6,10000,130
7,10000,130
8,10000,130
9,10000,130
10,10000,130
11,10000,130
12,10000,130
13,10000,130
14,10000,130
15,10000,130
2,1000,140
3,1000,140
4,1000,140
5,1000,140
6,1000,140
7,1000,140
8,1000,140
9,1000,140
10,1000,140
11,1000,140
12,1000,140
13,1000,140
14,1000,140
15,1000,140
2,2000,140
3,2000,140
4,2000,140
5,2000,140
6,2000,140
7,2000,140
8,2000,140
9,2000,140
10,2000,140
11,2000,140
12,2000,140
13,2000,140
14,2000,140
15,2000,140
2,3000,140
3,3000,140
4,3000,140
5,3000,140
6,3000,140
7,3000,140
8,3000,140
9,3000,140
10,3000,140
11,3000,140
12,3000,140
13,3000,140
14,3000,140
15,3000,140
2,4000,140
3,4000,140
4,4000,140
5,4000,140
6,4000,140
7,4000,140
8,4000,140
9,4000,140
10,4000,140
11,4000,140
12,4000,140
13,4000,140
14,4000,140
15,4000,140
2,5000,140
3,5000,140
4,5000,140
5,5000,140
6,5000,140
7,5000,140
8,5000,140
9,5000,140
10,5000,140
11,5000,140
12,5000,140
13,5000,140
14,5000,140
15,5000,140
2,6000,140
3,6000,140
4,6000,140
5,6000,140
6,6000,140
7,6000,140
8,6000,140
9,6000,140
10,6000,140
11,6000,140
12,6000,140
13,6000,140
14,6000,140
15,6000,140
2,7000,140
3,7000,140
4,7000,140
5,7000,140
6,7000,140
7,7000,140
8,7000,140
9,7000,140
10,7000,140
11,7000,140
12,7000,140
13,7000,140
14,7000,140
15,7000,140
2,8000,140
3,8000,140
4,8000,140
5,8000,140
6,8000,140
7,8000,140
8,8000,140
9,8000,140
10,8000,140
11,8000,140
12,8000,140
13,8000,140
14,8000,140
15,8000,140
2,9000,140
3,9000,140
4,9000,140
5,9000,140
6,9000,140
7,9000,140
8,9000,140
9,9000,140
10,9000,140
11,9000,140
12,9000,140
13,9000,140
14,9000,140
15,9000,140
2,10000,140
3,10000,140
4,10000,140
5,10000,140
6,10000,140
7,10000,140
8,10000,140
9,10000,140
10,10000,140
11,10000,140
12,10000,140
13,10000,140
14,10000,140
15,10000,140
2,1000,150
3,1000,150
4,1000,150
5,1000,150
6,1000,150
7,1000,150
8,1000,150
9,1000,150
10,1000,150
11,1000,150
12,1000,150
13,1000,150
14,1000,150
15,1000,150
2,2000,150
3,2000,150
4,2000,150
5,2000,150
6,2000,150
7,2000,150
8,2000,150
9,2000,150
10,2000,150
11,2000,150
12,2000,150
13,2000,150
14,2000,150
15,2000,150
2,3000,150
3,3000,150
4,3000,150
5,3000,150
6,3000,150
7,3000,150
8,3000,150
9,3000,150
10,3000,150
11,3000,150
12,3000,150
13,3000,150
14,3000,150
15,3000,150
2,4000,150
3,4000,150
4,4000,150
5,4000,150
6,4000,150
7,4000,150
8,4000,150
9,4000,150
10,4000,150
11,4000,150
12,4000,150
13,4000,150
14,4000,150
15,4000,150
2,5000,150
3,5000,150
4,5000,150
5,5000,150
6,5000,150
7,5000,150
8,5000,150
9,5000,150
10,5000,150
11,5000,150
12,5000,150
13,5000,150
14,5000,150
15,5000,150
2,6000,150
3,6000,150
4,6000,150
5,6000,150
6,6000,150
7,6000,150
8,6000,150
9,6000,150
10,6000,150
11,6000,150
12,6000,150
13,6000,150
14,6000,150
15,6000,150
2,7000,150
3,7000,150
4,7000,150
5,7000,150
6,7000,150
7,7000,150
8,7000,150
9,7000,150
10,7000,150
11,7000,150
12,7000,150
13,7000,150
14,7000,150
15,7000,150
2,8000,150
3,8000,150
4,8000,150
5,8000,150
6,8000,150
7,8000,150
8,8000,150
9,8000,150
10,8000,150
11,8000,150
12,8000,150
13,8000,150
14,8000,150
15,8000,150
2,9000,150
3,9000,150
4,9000,150
5,9000,150
6,9000,150
7,9000,150
8,9000,150
9,9000,150
10,9000,150
11,9000,150
12,9000,150
13,9000,150
14,9000,150
15,9000,150
2,10000,150
3,10000,150
4,10000,150
5,10000,150
6,10000,150
7,10000,150
8,10000,150
9,10000,150
10,10000,150
11,10000,150
12,10000,150
13,10000,150
14,10000,150
15,10000,150
2,1000,160
3,1000,160
4,1000,160
5,1000,160
6,1000,160
7,1000,160
8,1000,160
9,1000,160
10,1000,160
11,1000,160
12,1000,160
13,1000,160
14,1000,160
15,1000,160
2,2000,160
3,2000,160
4,2000,160
5,2000,160
6,2000,160
7,2000,160
8,2000,160
9,2000,160
10,2000,160
11,2000,160
12,2000,160
13,2000,160
14,2000,160
15,2000,160
2,3000,160
3,3000,160
4,3000,160
5,3000,160
6,3000,160
7,3000,160
8,3000,160
9,3000,160
10,3000,160
11,3000,160
12,3000,160
13,3000,160
14,3000,160
15,3000,160
2,4000,160
3,4000,160
4,4000,160
5,4000,160
6,4000,160
7,4000,160
8,4000,160
9,4000,160
10,4000,160
11,4000,160
12,4000,160
13,4000,160
14,4000,160
15,4000,160
2,5000,160
3,5000,160
4,5000,160
5,5000,160
6,5000,160
7,5000,160
8,5000,160
9,5000,160
10,5000,160
11,5000,160
12,5000,160
13,5000,160
14,5000,160
15,5000,160
2,6000,160
3,6000,160
4,6000,160
5,6000,160
6,6000,160
7,6000,160
8,6000,160
9,6000,160
10,6000,160
11,6000,160
12,6000,160
13,6000,160
14,6000,160
15,6000,160
2,7000,160
3,7000,160
4,7000,160
5,7000,160
6,7000,160
7,7000,160
8,7000,160
9,7000,160
10,7000,160
11,7000,160
12,7000,160
13,7000,160
14,7000,160
15,7000,160
2,8000,160
3,8000,160
4,8000,160
5,8000,160
6,8000,160
7,8000,160
8,8000,160
9,8000,160
10,8000,160
11,8000,160
12,8000,160
13,8000,160
14,8000,160
15,8000,160
2,9000,160
3,9000,160
4,9000,160
5,9000,160
6,9000,160
7,9000,160
8,9000,160
9,9000,160
10,9000,160
11,9000,160
12,9000,160
13,9000,160
14,9000,160
15,9000,160
2,10000,160
3,10000,160
4,10000,160
5,10000,160
6,10000,160
7,10000,160
8,10000,160
9,10000,160
10,10000,160
11,10000,160
12,10000,160
13,10000,160
14,10000,160
15,10000,160
2,1000,170
3,1000,170
4,1000,170
5,1000,170
6,1000,170
7,1000,170
8,1000,170
9,1000,170
10,1000,170
11,1000,170
12,1000,170
13,1000,170
14,1000,170
15,1000,170
2,2000,170
3,2000,170
4,2000,170
5,2000,170
6,2000,170
7,2000,170
8,2000,170
9,2000,170
10,2000,170
11,2000,170
12,2000,170
13,2000,170
14,2000,170
15,2000,170
2,3000,170
3,3000,170
4,3000,170
5,3000,170
6,3000,170
7,3000,170
8,3000,170
9,3000,170
10,3000,170
11,3000,170
12,3000,170
13,3000,170
14,3000,170
15,3000,170
2,4000,170
3,4000,170
4,4000,170
5,4000,170
6,4000,170
7,4000,170
8,4000,170
9,4000,170
10,4000,170
11,4000,170
12,4000,170
13,4000,170
14,4000,170
15,4000,170
2,5000,170
3,5000,170
4,5000,170
5,5000,170
6,5000,170
7,5000,170
8,5000,170
9,5000,170
10,5000,170
11,5000,170
12,5000,170
13,5000,170
14,5000,170
15,5000,170
2,6000,170
3,6000,170
4,6000,170
5,6000,170
6,6000,170
7,6000,170
8,6000,170
9,6000,170
10,6000,170
11,6000,170
12,6000,170
13,6000,170
14,6000,170
15,6000,170
2,7000,170
3,7000,170
4,7000,170
5,7000,170
6,7000,170
7,7000,170
8,7000,170
9,7000,170
10,7000,170
11,7000,170
12,7000,170
13,7000,170
14,7000,170
15,7000,170
2,8000,170
3,8000,170
4,8000,170
5,8000,170
6,8000,170
7,8000,170
8,8000,170
9,8000,170
10,8000,170
11,8000,170
12,8000,170
13,8000,170
14,8000,170
15,8000,170
2,9000,170
3,9000,170
4,9000,170
5,9000,170
6,9000,170
7,9000,170
8,9000,170
9,9000,170
10,9000,170
11,9000,170
12,9000,170
13,9000,170
14,9000,170
15,9000,170
2,10000,170
3,10000,170
4,10000,170
5,10000,170
6,10000,170
7,10000,170
8,10000,170
9,10000,170
10,10000,170
11,10000,170
12,10000,170
13,10000,170
14,10000,170
15,10000,170
2,1000,180
3,1000,180
4,1000,180
5,1000,180
6,1000,180
7,1000,180
8,1000,180
9,1000,180
10,1000,180
11,1000,180
12,1000,180
13,1000,180
14,1000,180
15,1000,180
2,2000,180
3,2000,180
4,2000,180
5,2000,180
6,2000,180
7,2000,180
8,2000,180
9,2000,180
10,2000,180
11,2000,180
12,2000,180
13,2000,180
14,2000,180
15,2000,180
2,3000,180
3,3000,180
4,3000,180
5,3000,180
6,3000,180
7,3000,180
8,3000,180
9,3000,180
10,3000,180
11,3000,180
12,3000,180
13,3000,180
14,3000,180
15,3000,180
2,4000,180
3,4000,180
4,4000,180
5,4000,180
6,4000,180
7,4000,180
8,4000,180
9,4000,180
10,4000,180
11,4000,180
12,4000,180
13,4000,180
14,4000,180
15,4000,180
2,5000,180
3,5000,180
4,5000,180
5,5000,180
6,5000,180
7,5000,180
8,5000,180
9,5000,180
10,5000,180
11,5000,180
12,5000,180
13,5000,180
14,5000,180
15,5000,180
2,6000,180
3,6000,180
4,6000,180
5,6000,180
6,6000,180
7,6000,180
8,6000,180
9,6000,180
10,6000,180
11,6000,180
12,6000,180
13,6000,180
14,6000,180
15,6000,180
2,7000,180
3,7000,180
4,7000,180
5,7000,180
6,7000,180
7,7000,180
8,7000,180
9,7000,180
10,7000,180
11,7000,180
12,7000,180
13,7000,180
14,7000,180
15,7000,180
2,8000,180
3,8000,180
4,8000,180
5,8000,180
6,8000,180
7,8000,180
8,8000,180
9,8000,180
10,8000,180
11,8000,180
12,8000,180
13,8000,180
14,8000,180
15,8000,180
2,9000,180
3,9000,180
4,9000,180
5,9000,180
6,9000,180
7,9000,180
8,9000,180
9,9000,180
10,9000,180
11,9000,180
12,9000,180
13,9000,180
14,9000,180
15,9000,180
2,10000,180
3,10000,180
4,10000,180
5,10000,180
6,10000,180
7,10000,180
8,10000,180
9,10000,180
10,10000,180
11,10000,180
12,10000,180
13,10000,180
14,10000,180
15,10000,180
2,1000,190
3,1000,190
4,1000,190
5,1000,190
6,1000,190
7,1000,190
8,1000,190
9,1000,190
10,1000,190
11,1000,190
12,1000,190
13,1000,190
14,1000,190
15,1000,190
2,2000,190
3,2000,190
4,2000,190
5,2000,190
6,2000,190
7,2000,190
8,2000,190
9,2000,190
10,2000,190
11,2000,190
12,2000,190
13,2000,190
14,2000,190
15,2000,190
2,3000,190
3,3000,190
4,3000,190
5,3000,190
6,3000,190
7,3000,190
8,3000,190
9,3000,190
10,3000,190
11,3000,190
12,3000,190
13,3000,190
14,3000,190
15,3000,190
2,4000,190
3,4000,190
4,4000,190
5,4000,190
6,4000,190
7,4000,190
8,4000,190
9,4000,190
10,4000,190
11,4000,190
12,4000,190
13,4000,190
14,4000,190
15,4000,190
2,5000,190
3,5000,190
4,5000,190
5,5000,190
6,5000,190
7,5000,190
8,5000,190
9,5000,190
10,5000,190
11,5000,190
12,5000,190
13,5000,190
14,5000,190
15,5000,190
2,6000,190
3,6000,190
4,6000,190
5,6000,190
6,6000,190
7,6000,190
8,6000,190
9,6000,190
10,6000,190
11,6000,190
12,6000,190
13,6000,190
14,6000,190
15,6000,190
2,7000,190
3,7000,190
4,7000,190
5,7000,190
6,7000,190
7,7000,190
8,7000,190
9,7000,190
10,7000,190
11,7000,190
12,7000,190
13,7000,190
14,7000,190
15,7000,190
2,8000,190
3,8000,190
4,8000,190
5,8000,190
6,8000,190
7,8000,190
8,8000,190
9,8000,190
10,8000,190
11,8000,190
12,8000,190
13,8000,190
14,8000,190
15,8000,190
2,9000,190
3,9000,190
4,9000,190
5,9000,190
6,9000,190
7,9000,190
8,9000,190
9,9000,190
10,9000,190
11,9000,190
12,9000,190
13,9000,190
14,9000,190
15,9000,190
2,10000,190
3,10000,190
4,10000,190
5,10000,190
6,10000,190
7,10000,190
8,10000,190
9,10000,190
10,10000,190
11,10000,190
12,10000,190
13,10000,190
14,10000,190
15,10000,190
2,1000,200
3,1000,200
4,1000,200
5,1000,200
6,1000,200
7,1000,200
8,1000,200
9,1000,200
10,1000,200
11,1000,200
12,1000,200
13,1000,200
14,1000,200
15,1000,200
2,2000,200
3,2000,200
4,2000,200
5,2000,200
6,2000,200
7,2000,200
8,2000,200
9,2000,200
10,2000,200
11,2000,200
12,2000,200
13,2000,200
14,2000,200
15,2000,200
2,3000,200
3,3000,200
4,3000,200
5,3000,200
6,3000,200
7,3000,200
8,3000,200
9,3000,200
10,3000,200
11,3000,200
12,3000,200
13,3000,200
14,3000,200
15,3000,200
2,4000,200
3,4000,200
4,4000,200
5,4000,200
6,4000,200
7,4000,200
8,4000,200
9,4000,200
10,4000,200
11,4000,200
12,4000,200
13,4000,200
14,4000,200
15,4000,200
2,5000,200
3,5000,200
4,5000,200
5,5000,200
6,5000,200
7,5000,200
8,5000,200
9,5000,200
10,5000,200
11,5000,200
12,5000,200
13,5000,200
14,5000,200
15,5000,200
2,6000,200
3,6000,200
4,6000,200
5,6000,200
6,6000,200
7,6000,200
8,6000,200
9,6000,200
10,6000,200
11,6000,200
12,6000,200
13,6000,200
14,6000,200
15,6000,200
2,7000,200
3,7000,200
4,7000,200
5,7000,200
6,7000,200
7,7000,200
8,7000,200
9,7000,200
10,7000,200
11,7000,200
12,7000,200
13,7000,200
14,7000,200
15,7000,200
2,8000,200
3,8000,200
4,8000,200
5,8000,200
6,8000,200
7,8000,200
8,8000,200
9,8000,200
10,8000,200
11,8000,200
12,8000,200
13,8000,200
14,8000,200
15,8000,200
2,9000,200
3,9000,200
4,9000,200
5,9000,200
6,9000,200
7,9000,200
8,9000,200
9,9000,200
10,9000,200
11,9000,200
12,9000,200
13,9000,200
14,9000,200
15,9000,200
2,10000,200
3,10000,200
4,10000,200
5,10000,200
6,10000,200
7,10000,200
8,10000,200
9,10000,200
10,10000,200
11,10000,200
12,10000,200
13,10000,200
14,10000,200
15,10000,200
2,1000,210
3,1000,210
4,1000,210
5,1000,210
6,1000,210
7,1000,210
8,1000,210
9,1000,210
10,1000,210
11,1000,210
12,1000,210
13,1000,210
14,1000,210
15,1000,210
2,2000,210
3,2000,210
4,2000,210
5,2000,210
6,2000,210
7,2000,210
8,2000,210
9,2000,210
10,2000,210
11,2000,210
12,2000,210
13,2000,210
14,2000,210
15,2000,210
2,3000,210
3,3000,210
4,3000,210
5,3000,210
6,3000,210
7,3000,210
8,3000,210
9,3000,210
10,3000,210
11,3000,210
12,3000,210
13,3000,210
14,3000,210
15,3000,210
2,4000,210
3,4000,210
4,4000,210
5,4000,210
6,4000,210
7,4000,210
8,4000,210
9,4000,210
10,4000,210
11,4000,210
12,4000,210
13,4000,210
14,4000,210
15,4000,210
2,5000,210
3,5000,210
4,5000,210
5,5000,210
6,5000,210
7,5000,210
8,5000,210
9,5000,210
10,5000,210
11,5000,210
12,5000,210
13,5000,210
14,5000,210
15,5000,210
2,6000,210
3,6000,210
4,6000,210
5,6000,210
6,6000,210
7,6000,210
8,6000,210
9,6000,210
10,6000,210
11,6000,210
12,6000,210
13,6000,210
14,6000,210
15,6000,210
2,7000,210
3,7000,210
4,7000,210
5,7000,210
6,7000,210
7,7000,210
8,7000,210
9,7000,210
10,7000,210
11,7000,210
12,7000,210
13,7000,210
14,7000,210
15,7000,210
2,8000,210
3,8000,210
4,8000,210
5,8000,210
6,8000,210
7,8000,210
8,8000,210
9,8000,210
10,8000,210
11,8000,210
12,8000,210
13,8000,210
14,8000,210
15,8000,210
2,9000,210
3,9000,210
4,9000,210
5,9000,210
6,9000,210
7,9000,210
8,9000,210
9,9000,210
10,9000,210
11,9000,210
12,9000,210
13,9000,210
14,9000,210
15,9000,210
2,10000,210
3,10000,210
4,10000,210
5,10000,210
6,10000,210
7,10000,210
8,10000,210
9,10000,210
10,10000,210
11,10000,210
12,10000,210
13,10000,210
14,10000,210
15,10000,210
2,1000,220
3,1000,220
4,1000,220
5,1000,220
6,1000,220
7,1000,220
8,1000,220
9,1000,220
10,1000,220
11,1000,220
12,1000,220
13,1000,220
14,1000,220
15,1000,220
2,2000,220
3,2000,220
4,2000,220
5,2000,220
6,2000,220
7,2000,220
8,2000,220
9,2000,220
10,2000,220
11,2000,220
12,2000,220
13,2000,220
14,2000,220
15,2000,220
2,3000,220
3,3000,220
4,3000,220
5,3000,220
6,3000,220
7,3000,220
8,3000,220
9,3000,220
10,3000,220
11,3000,220
12,3000,220
13,3000,220
14,3000,220
15,3000,220
2,4000,220
3,4000,220
4,4000,220
5,4000,220
6,4000,220
7,4000,220
8,4000,220
9,4000,220
10,4000,220
11,4000,220
12,4000,220
13,4000,220
14,4000,220
15,4000,220
2,5000,220
3,5000,220
4,5000,220
5,5000,220
6,5000,220
7,5000,220
8,5000,220
9,5000,220
10,5000,220
11,5000,220
12,5000,220
13,5000,220
14,5000,220
15,5000,220
2,6000,220
3,6000,220
4,6000,220
5,6000,220
6,6000,220
7,6000,220
8,6000,220
9,6000,220
10,6000,220
11,6000,220
12,6000,220
13,6000,220
14,6000,220
15,6000,220
2,7000,220
3,7000,220
4,7000,220
5,7000,220
6,7000,220
7,7000,220
8,7000,220
9,7000,220
10,7000,220
11,7000,220
12,7000,220
13,7000,220
14,7000,220
15,7000,220
2,8000,220
3,8000,220
4,8000,220
5,8000,220
6,8000,220
7,8000,220
8,8000,220
9,8000,220
10,8000,220
11,8000,220
12,8000,220
13,8000,220
14,8000,220
15,8000,220
2,9000,220
3,9000,220
4,9000,220
5,9000,220
6,9000,220
7,9000,220
8,9000,220
9,9000,220
10,9000,220
11,9000,220
12,9000,220
13,9000,220
14,9000,220
15,9000,220
2,10000,220
3,10000,220
4,10000,220
5,10000,220
6,10000,220
7,10000,220
8,10000,220
9,10000,220
10,10000,220
11,10000,220
12,10000,220
13,10000,220
14,10000,220
15,10000,220
2,1000,230
3,1000,230
4,1000,230
5,1000,230
6,1000,230
7,1000,230
8,1000,230
9,1000,230
10,1000,230
11,1000,230
12,1000,230
13,1000,230
14,1000,230
15,1000,230
2,2000,230
3,2000,230
4,2000,230
5,2000,230
6,2000,230
7,2000,230
8,2000,230
9,2000,230
10,2000,230
11,2000,230
12,2000,230
13,2000,230
14,2000,230
15,2000,230
2,3000,230
3,3000,230
4,3000,230
5,3000,230
6,3000,230
7,3000,230
8,3000,230
9,3000,230
10,3000,230
11,3000,230
12,3000,230
13,3000,230
14,3000,230
15,3000,230
2,4000,230
3,4000,230
4,4000,230
5,4000,230
6,4000,230
7,4000,230
8,4000,230
9,4000,230
10,4000,230
11,4000,230
12,4000,230
13,4000,230
14,4000,230
15,4000,230
2,5000,230
3,5000,230
4,5000,230
5,5000,230
6,5000,230
7,5000,230
8,5000,230
9,5000,230
10,5000,230
11,5000,230
12,5000,230
13,5000,230
14,5000,230
15,5000,230
2,6000,230
3,6000,230
4,6000,230
5,6000,230
6,6000,230
7,6000,230
8,6000,230
9,6000,230
10,6000,230
11,6000,230
12,6000,230
13,6000,230
14,6000,230
15,6000,230
2,7000,230
3,7000,230
4,7000,230
5,7000,230
6,7000,230
7,7000,230
8,7000,230
9,7000,230
10,7000,230
11,7000,230
12,7000,230
13,7000,230
14,7000,230
15,7000,230
2,8000,230
3,8000,230
4,8000,230
5,8000,230
6,8000,230
7,8000,230
8,8000,230
9,8000,230
10,8000,230
11,8000,230
12,8000,230
13,8000,230
14,8000,230
15,8000,230
2,9000,230
3,9000,230
4,9000,230
5,9000,230
6,9000,230
7,9000,230
8,9000,230
9,9000,230
10,9000,230
11,9000,230
12,9000,230
13,9000,230
14,9000,230
15,9000,230
2,10000,230
3,10000,230
4,10000,230
5,10000,230
6,10000,230
7,10000,230
8,10000,230
9,10000,230
10,10000,230
11,10000,230
12,10000,230
13,10000,230
14,10000,230
15,10000,230
2,1000,240
3,1000,240
4,1000,240
5,1000,240
6,1000,240
7,1000,240
8,1000,240
9,1000,240
10,1000,240
11,1000,240
12,1000,240
13,1000,240
14,1000,240
15,1000,240
2,2000,240
3,2000,240
4,2000,240
5,2000,240
6,2000,240
7,2000,240
8,2000,240
9,2000,240
10,2000,240
11,2000,240
12,2000,240
13,2000,240
14,2000,240
15,2000,240
2,3000,240
3,3000,240
4,3000,240
5,3000,240
6,3000,240
7,3000,240
8,3000,240
9,3000,240
10,3000,240
11,3000,240
12,3000,240
13,3000,240
14,3000,240
15,3000,240
2,4000,240
3,4000,240
4,4000,240
5,4000,240
6,4000,240
7,4000,240
8,4000,240
9,4000,240
10,4000,240
11,4000,240
12,4000,240
13,4000,240
14,4000,240
15,4000,240
2,5000,240
3,5000,240
4,5000,240
5,5000,240
6,5000,240
7,5000,240
8,5000,240
9,5000,240
10,5000,240
11,5000,240
12,5000,240
13,5000,240
14,5000,240
15,5000,240
2,6000,240
3,6000,240
4,6000,240
5,6000,240
6,6000,240
7,6000,240
8,6000,240
9,6000,240
10,6000,240
11,6000,240
12,6000,240
13,6000,240
14,6000,240
15,6000,240
2,7000,240
3,7000,240
4,7000,240
5,7000,240
6,7000,240
7,7000,240
8,7000,240
9,7000,240
10,7000,240
11,7000,240
12,7000,240
13,7000,240
14,7000,240
15,7000,240
2,8000,240
3,8000,240
4,8000,240
5,8000,240
6,8000,240
7,8000,240
8,8000,240
9,8000,240
10,8000,240
11,8000,240
12,8000,240
13,8000,240
14,8000,240
15,8000,240
2,9000,240
3,9000,240
4,9000,240
5,9000,240
6,9000,240
7,9000,240
8,9000,240
9,9000,240
10,9000,240
11,9000,240
12,9000,240
13,9000,240
14,9000,240
15,9000,240
2,10000,240
3,10000,240
4,10000,240
5,10000,240
6,10000,240
7,10000,240
8,10000,240
9,10000,240
10,10000,240
11,10000,240
12,10000,240
13,10000,240
14,10000,240
15,10000,240
2,1000,250
3,1000,250
4,1000,250
5,1000,250
6,1000,250
7,1000,250
8,1000,250
9,1000,250
10,1000,250
11,1000,250
12,1000,250
13,1000,250
14,1000,250
15,1000,250
2,2000,250
3,2000,250
4,2000,250
5,2000,250
6,2000,250
7,2000,250
8,2000,250
9,2000,250
10,2000,250
11,2000,250
12,2000,250
13,2000,250
14,2000,250
15,2000,250
2,3000,250
3,3000,250
4,3000,250
5,3000,250
6,3000,250
7,3000,250
8,3000,250
9,3000,250
10,3000,250
11,3000,250
12,3000,250
13,3000,250
14,3000,250
15,3000,250
2,4000,250
3,4000,250
4,4000,250
5,4000,250
6,4000,250
7,4000,250
8,4000,250
9,4000,250
10,4000,250
11,4000,250
12,4000,250
13,4000,250
14,4000,250
15,4000,250
2,5000,250
3,5000,250
4,5000,250
5,5000,250
6,5000,250
7,5000,250
8,5000,250
9,5000,250
10,5000,250
11,5000,250
12,5000,250
13,5000,250
14,5000,250
15,5000,250
2,6000,250
3,6000,250
4,6000,250
5,6000,250
6,6000,250
7,6000,250
8,6000,250
9,6000,250
10,6000,250
11,6000,250
12,6000,250
13,6000,250
14,6000,250
15,6000,250
2,7000,250
3,7000,250
4,7000,250
5,7000,250
6,7000,250
7,7000,250
8,7000,250
9,7000,250
10,7000,250
11,7000,250
12,7000,250
13,7000,250
14,7000,250
15,7000,250
2,8000,250
3,8000,250
4,8000,250
5,8000,250
6,8000,250
7,8000,250
8,8000,250
9,8000,250
10,8000,250
11,8000,250
12,8000,250
13,8000,250
14,8000,250
15,8000,250
2,9000,250
3,9000,250
4,9000,250
5,9000,250
6,9000,250
7,9000,250
8,9000,250
9,9000,250
10,9000,250
11,9000,250
12,9000,250
13,9000,250
14,9000,250
15,9000,250
2,10000,250
3,10000,250
4,10000,250
5,10000,250
6,10000,250
7,10000,250
8,10000,250
9,10000,250
10,10000,250
11,10000,250
12,10000,250
13,10000,250
14,10000,250
15,10000,250
2,1000,260
3,1000,260
4,1000,260
5,1000,260
6,1000,260
7,1000,260
8,1000,260
9,1000,260
10,1000,260
11,1000,260
12,1000,260
13,1000,260
14,1000,260
15,1000,260
2,2000,260
3,2000,260
4,2000,260
5,2000,260
6,2000,260
7,2000,260
8,2000,260
9,2000,260
10,2000,260
11,2000,260
12,2000,260
13,2000,260
14,2000,260
15,2000,260
2,3000,260
3,3000,260
4,3000,260
5,3000,260
6,3000,260
7,3000,260
8,3000,260
9,3000,260
10,3000,260
11,3000,260
12,3000,260
13,3000,260
14,3000,260
15,3000,260
2,4000,260
3,4000,260
4,4000,260
5,4000,260
6,4000,260
7,4000,260
8,4000,260
9,4000,260
10,4000,260
11,4000,260
12,4000,260
13,4000,260
14,4000,260
15,4000,260
2,5000,260
3,5000,260
4,5000,260
5,5000,260
6,5000,260
7,5000,260
8,5000,260
9,5000,260
10,5000,260
11,5000,260
12,5000,260
13,5000,260
14,5000,260
15,5000,260
2,6000,260
3,6000,260
4,6000,260
5,6000,260
6,6000,260
7,6000,260
8,6000,260
9,6000,260
10,6000,260
11,6000,260
12,6000,260
13,6000,260
14,6000,260
15,6000,260
2,7000,260
3,7000,260
4,7000,260
5,7000,260
6,7000,260
7,7000,260
8,7000,260
9,7000,260
10,7000,260
11,7000,260
12,7000,260
13,7000,260
14,7000,260
15,7000,260
2,8000,260
3,8000,260
4,8000,260
5,8000,260
6,8000,260
7,8000,260
8,8000,260
9,8000,260
10,8000,260
11,8000,260
12,8000,260
13,8000,260
14,8000,260
15,8000,260
2,9000,260
3,9000,260
4,9000,260
5,9000,260
6,9000,260
7,9000,260
8,9000,260
9,9000,260
10,9000,260
11,9000,260
12,9000,260
13,9000,260
14,9000,260
15,9000,260
2,10000,260
3,10000,260
4,10000,260
5,10000,260
6,10000,260
7,10000,260
8,10000,260
9,10000,260
10,10000,260
11,10000,260
12,10000,260
13,10000,260
14,10000,260
15,10000,260
2,1000,270
3,1000,270
4,1000,270
5,1000,270
6,1000,270
7,1000,270
8,1000,270
9,1000,270
10,1000,270
11,1000,270
12,1000,270
13,1000,270
14,1000,270
15,1000,270
2,2000,270
3,2000,270
4,2000,270
5,2000,270
6,2000,270
7,2000,270
8,2000,270
9,2000,270
10,2000,270
11,2000,270
12,2000,270
13,2000,270
14,2000,270
15,2000,270
2,3000,270
3,3000,270
4,3000,270
5,3000,270
6,3000,270
7,3000,270
8,3000,270
9,3000,270
10,3000,270
11,3000,270
12,3000,270
13,3000,270
14,3000,270
15,3000,270
2,4000,270
3,4000,270
4,4000,270
5,4000,270
6,4000,270
7,4000,270
8,4000,270
9,4000,270
10,4000,270
11,4000,270
12,4000,270
13,4000,270
14,4000,270
15,4000,270
2,5000,270
3,5000,270
4,5000,270
5,5000,270
6,5000,270
7,5000,270
8,5000,270
9,5000,270
10,5000,270
11,5000,270
12,5000,270
13,5000,270
14,5000,270
15,5000,270
2,6000,270
3,6000,270
4,6000,270
5,6000,270
6,6000,270
7,6000,270
8,6000,270
9,6000,270
10,6000,270
11,6000,270
12,6000,270
13,6000,270
14,6000,270
15,6000,270
2,7000,270
3,7000,270
4,7000,270
5,7000,270
6,7000,270
7,7000,270
8,7000,270
9,7000,270
10,7000,270
11,7000,270
12,7000,270
13,7000,270
14,7000,270
15,7000,270
2,8000,270
3,8000,270
4,8000,270
5,8000,270
6,8000,270
7,8000,270
8,8000,270
9,8000,270
10,8000,270
11,8000,270
12,8000,270
13,8000,270
14,8000,270
15,8000,270
2,9000,270
3,9000,270
4,9000,270
5,9000,270
6,9000,270
7,9000,270
8,9000,270
9,9000,270
10,9000,270
11,9000,270
12,9000,270
13,9000,270
14,9000,270
15,9000,270
2,10000,270
3,10000,270
4,10000,270
5,10000,270
6,10000,270
7,10000,270
8,10000,270
9,10000,270
10,10000,270
11,10000,270
12,10000,270
13,10000,270
14,10000,270
15,10000,270
2,1000,280
3,1000,280
4,1000,280
5,1000,280
6,1000,280
7,1000,280
8,1000,280
9,1000,280
10,1000,280
11,1000,280
12,1000,280
13,1000,280
14,1000,280
15,1000,280
2,2000,280
3,2000,280
4,2000,280
5,2000,280
6,2000,280
7,2000,280
8,2000,280
9,2000,280
10,2000,280
11,2000,280
12,2000,280
13,2000,280
14,2000,280
15,2000,280
2,3000,280
3,3000,280
4,3000,280
5,3000,280
6,3000,280
7,3000,280
8,3000,280
9,3000,280
10,3000,280
11,3000,280
12,3000,280
13,3000,280
14,3000,280
15,3000,280
2,4000,280
3,4000,280
4,4000,280
5,4000,280
6,4000,280
7,4000,280
8,4000,280
9,4000,280
10,4000,280
11,4000,280
12,4000,280
13,4000,280
14,4000,280
15,4000,280
2,5000,280
3,5000,280
4,5000,280
5,5000,280
6,5000,280
7,5000,280
8,5000,280
9,5000,280
10,5000,280
11,5000,280
12,5000,280
13,5000,280
14,5000,280
15,5000,280
2,6000,280
3,6000,280
4,6000,280
5,6000,280
6,6000,280
7,6000,280
8,6000,280
9,6000,280
10,6000,280
11,6000,280
12,6000,280
13,6000,280
14,6000,280
15,6000,280
2,7000,280
3,7000,280
4,7000,280
5,7000,280
6,7000,280
7,7000,280
8,7000,280
9,7000,280
10,7000,280
11,7000,280
12,7000,280
13,7000,280
14,7000,280
15,7000,280
2,8000,280
3,8000,280
4,8000,280
5,8000,280
6,8000,280
7,8000,280
8,8000,280
9,8000,280
10,8000,280
11,8000,280
12,8000,280
13,8000,280
14,8000,280
15,8000,280
2,9000,280
3,9000,280
4,9000,280
5,9000,280
6,9000,280
7,9000,280
8,9000,280
9,9000,280
10,9000,280
11,9000,280
12,9000,280
13,9000,280
14,9000,280
15,9000,280
2,10000,280
3,10000,280
4,10000,280
5,10000,280
6,10000,280
7,10000,280
8,10000,280
9,10000,280
10,10000,280
11,10000,280
12,10000,280
13,10000,280
14,10000,280
15,10000,280
2,1000,290
3,1000,290
4,1000,290
5,1000,290
6,1000,290
7,1000,290
8,1000,290
9,1000,290
10,1000,290
11,1000,290
12,1000,290
13,1000,290
14,1000,290
15,1000,290
2,2000,290
3,2000,290
4,2000,290
5,2000,290
6,2000,290
7,2000,290
8,2000,290
9,2000,290
10,2000,290
11,2000,290
12,2000,290
13,2000,290
14,2000,290
15,2000,290
2,3000,290
3,3000,290
4,3000,290
5,3000,290
6,3000,290
7,3000,290
8,3000,290
9,3000,290
10,3000,290
11,3000,290
12,3000,290
13,3000,290
14,3000,290
15,3000,290
2,4000,290
3,4000,290
4,4000,290
5,4000,290
6,4000,290
7,4000,290
8,4000,290
9,4000,290
10,4000,290
11,4000,290
12,4000,290
13,4000,290
14,4000,290
15,4000,290
2,5000,290
3,5000,290
4,5000,290
5,5000,290
6,5000,290
7,5000,290
8,5000,290
9,5000,290
10,5000,290
11,5000,290
12,5000,290
13,5000,290
14,5000,290
15,5000,290
2,6000,290
3,6000,290
4,6000,290
5,6000,290
6,6000,290
7,6000,290
8,6000,290
9,6000,290
10,6000,290
11,6000,290
12,6000,290
13,6000,290
14,6000,290
15,6000,290
2,7000,290
3,7000,290
4,7000,290
5,7000,290
6,7000,290
7,7000,290
8,7000,290
9,7000,290
10,7000,290
11,7000,290
12,7000,290
13,7000,290
14,7000,290
15,7000,290
2,8000,290
3,8000,290
4,8000,290
5,8000,290
6,8000,290
7,8000,290
8,8000,290
9,8000,290
10,8000,290
11,8000,290
12,8000,290
13,8000,290
14,8000,290
15,8000,290
2,9000,290
3,9000,290
4,9000,290
5,9000,290
6,9000,290
7,9000,290
8,9000,290
9,9000,290
10,9000,290
11,9000,290
12,9000,290
13,9000,290
14,9000,290
15,9000,290
2,10000,290
3,10000,290
4,10000,290
5,10000,290
6,10000,290
7,10000,290
8,10000,290
9,10000,290
10,10000,290
11,10000,290
12,10000,290
13,10000,290
14,10000,290
15,10000,290
2,1000,300
3,1000,300
4,1000,300
5,1000,300
6,1000,300
7,1000,300
8,1000,300
9,1000,300
10,1000,300
11,1000,300
12,1000,300
13,1000,300
14,1000,300
15,1000,300
2,2000,300
3,2000,300
4,2000,300
5,2000,300
6,2000,300
7,2000,300
8,2000,300
9,2000,300
10,2000,300
11,2000,300
12,2000,300
13,2000,300
14,2000,300
15,2000,300
2,3000,300
3,3000,300
4,3000,300
5,3000,300
6,3000,300
7,3000,300
8,3000,300
9,3000,300
10,3000,300
11,3000,300
12,3000,300
13,3000,300
14,3000,300
15,3000,300
2,4000,300
3,4000,300
4,4000,300
5,4000,300
6,4000,300
7,4000,300
8,4000,300
9,4000,300
10,4000,300
11,4000,300
12,4000,300
13,4000,300
14,4000,300
15,4000,300
2,5000,300
3,5000,300
4,5000,300
5,5000,300
6,5000,300
7,5000,300
8,5000,300
9,5000,300
10,5000,300
11,5000,300
12,5000,300
13,5000,300
14,5000,300
15,5000,300
2,6000,300
3,6000,300
4,6000,300
5,6000,300
6,6000,300
7,6000,300
8,6000,300
9,6000,300
10,6000,300
11,6000,300
12,6000,300
13,6000,300
14,6000,300
15,6000,300
2,7000,300
3,7000,300
4,7000,300
5,7000,300
6,7000,300
7,7000,300
8,7000,300
9,7000,300
10,7000,300
11,7000,300
12,7000,300
13,7000,300
14,7000,300
15,7000,300
2,8000,300
3,8000,300
4,8000,300
5,8000,300
6,8000,300
7,8000,300
8,8000,300
9,8000,300
10,8000,300
11,8000,300
12,8000,300
13,8000,300
14,8000,300
15,8000,300
2,9000,300
3,9000,300
4,9000,300
5,9000,300
6,9000,300
7,9000,300
8,9000,300
9,9000,300
10,9000,300
11,9000,300
12,9000,300
13,9000,300
14,9000,300
15,9000,300
2,10000,300
3,10000,300
4,10000,300
5,10000,300
6,10000,300
7,10000,300
8,10000,300
9,10000,300
10,10000,300
11,10000,300
12,10000,300
13,10000,300
14,10000,300
15,10000,300
2,1000,310
3,1000,310
4,1000,310
5,1000,310
6,1000,310
7,1000,310
8,1000,310
9,1000,310
10,1000,310
11,1000,310
12,1000,310
13,1000,310
14,1000,310
15,1000,310
2,2000,310
3,2000,310
4,2000,310
5,2000,310
6,2000,310
7,2000,310
8,2000,310
9,2000,310
10,2000,310
11,2000,310
12,2000,310
13,2000,310
14,2000,310
15,2000,310
2,3000,310
3,3000,310
4,3000,310
5,3000,310
6,3000,310
7,3000,310
8,3000,310
9,3000,310
10,3000,310
11,3000,310
12,3000,310
13,3000,310
14,3000,310
15,3000,310
2,4000,310
3,4000,310
4,4000,310
5,4000,310
6,4000,310
7,4000,310
8,4000,310
9,4000,310
10,4000,310
11,4000,310
12,4000,310
13,4000,310
14,4000,310
15,4000,310
2,5000,310
3,5000,310
4,5000,310
5,5000,310
6,5000,310
7,5000,310
8,5000,310
9,5000,310
10,5000,310
11,5000,310
12,5000,310
13,5000,310
14,5000,310
15,5000,310
2,6000,310
3,6000,310
4,6000,310
5,6000,310
6,6000,310
7,6000,310
8,6000,310
9,6000,310
10,6000,310
11,6000,310
12,6000,310
13,6000,310
14,6000,310
15,6000,310
2,7000,310
3,7000,310
4,7000,310
5,7000,310
6,7000,310
7,7000,310
8,7000,310
9,7000,310
10,7000,310
11,7000,310
12,7000,310
13,7000,310
14,7000,310
15,7000,310
2,8000,310
3,8000,310
4,8000,310
5,8000,310
6,8000,310
7,8000,310
8,8000,310
9,8000,310
10,8000,310
11,8000,310
12,8000,310
13,8000,310
14,8000,310
15,8000,310
2,9000,310
3,9000,310
4,9000,310
5,9000,310
6,9000,310
7,9000,310
8,9000,310
9,9000,310
10,9000,310
11,9000,310
12,9000,310
13,9000,310
14,9000,310
15,9000,310
2,10000,310
3,10000,310
4,10000,310
5,10000,310
6,10000,310
7,10000,310
8,10000,310
9,10000,310
10,10000,310
11,10000,310
12,10000,310
13,10000,310
14,10000,310
15,10000,310
2,1000,320
3,1000,320
4,1000,320
5,1000,320
6,1000,320
7,1000,320
8,1000,320
9,1000,320
10,1000,320
11,1000,320
12,1000,320
13,1000,320
14,1000,320
15,1000,320
2,2000,320
3,2000,320
4,2000,320
5,2000,320
6,2000,320
7,2000,320
8,2000,320
9,2000,320
10,2000,320
11,2000,320
12,2000,320
13,2000,320
14,2000,320
15,2000,320
2,3000,320
3,3000,320
4,3000,320
5,3000,320
6,3000,320
7,3000,320
8,3000,320
9,3000,320
10,3000,320
11,3000,320
12,3000,320
13,3000,320
14,3000,320
15,3000,320
2,4000,320
3,4000,320
4,4000,320
5,4000,320
6,4000,320
7,4000,320
8,4000,320
9,4000,320
10,4000,320
11,4000,320
12,4000,320
13,4000,320
14,4000,320
15,4000,320
2,5000,320
3,5000,320
4,5000,320
5,5000,320
6,5000,320
7,5000,320
8,5000,320
9,5000,320
10,5000,320
11,5000,320
12,5000,320
13,5000,320
14,5000,320
15,5000,320
2,6000,320
3,6000,320
4,6000,320
5,6000,320
6,6000,320
7,6000,320
8,6000,320
9,6000,320
10,6000,320
11,6000,320
12,6000,320
13,6000,320
14,6000,320
15,6000,320
2,7000,320
3,7000,320
4,7000,320
5,7000,320
6,7000,320
7,7000,320
8,7000,320
9,7000,320
10,7000,320
11,7000,320
12,7000,320
13,7000,320
14,7000,320
15,7000,320
2,8000,320
3,8000,320
4,8000,320
5,8000,320
6,8000,320
7,8000,320
8,8000,320
9,8000,320
10,8000,320
11,8000,320
12,8000,320
13,8000,320
14,8000,320
15,8000,320
2,9000,320
3,9000,320
4,9000,320
5,9000,320
6,9000,320
7,9000,320
8,9000,320
9,9000,320
10,9000,320
11,9000,320
12,9000,320
13,9000,320
14,9000,320
15,9000,320
2,10000,320
3,10000,320
4,10000,320
5,10000,320
6,10000,320
7,10000,320
8,10000,320
9,10000,320
10,10000,320
11,10000,320
12,10000,320
13,10000,320
14,10000,320
15,10000,320
2,1000,330
3,1000,330
4,1000,330
5,1000,330
6,1000,330
7,1000,330
8,1000,330
9,1000,330
10,1000,330
11,1000,330
12,1000,330
13,1000,330
14,1000,330
15,1000,330
2,2000,330
3,2000,330
4,2000,330
5,2000,330
6,2000,330
7,2000,330
8,2000,330
9,2000,330
10,2000,330
11,2000,330
12,2000,330
13,2000,330
14,2000,330
15,2000,330
2,3000,330
3,3000,330
4,3000,330
5,3000,330
6,3000,330
7,3000,330
8,3000,330
9,3000,330
10,3000,330
11,3000,330
12,3000,330
13,3000,330
14,3000,330
15,3000,330
2,4000,330
3,4000,330
4,4000,330
5,4000,330
6,4000,330
7,4000,330
8,4000,330
9,4000,330
10,4000,330
11,4000,330
12,4000,330
13,4000,330
14,4000,330
15,4000,330
2,5000,330
3,5000,330
4,5000,330
5,5000,330
6,5000,330
7,5000,330
8,5000,330
9,5000,330
10,5000,330
11,5000,330
12,5000,330
13,5000,330
14,5000,330
15,5000,330
2,6000,330
3,6000,330
4,6000,330
5,6000,330
6,6000,330
7,6000,330
8,6000,330
9,6000,330
10,6000,330
11,6000,330
12,6000,330
13,6000,330
14,6000,330
15,6000,330
2,7000,330
3,7000,330
4,7000,330
5,7000,330
6,7000,330
7,7000,330
8,7000,330
9,7000,330
10,7000,330
11,7000,330
12,7000,330
13,7000,330
14,7000,330
15,7000,330
2,8000,330
3,8000,330
4,8000,330
5,8000,330
6,8000,330
7,8000,330
8,8000,330
9,8000,330
10,8000,330
11,8000,330
12,8000,330
13,8000,330
14,8000,330
15,8000,330
2,9000,330
3,9000,330
4,9000,330
5,9000,330
6,9000,330
7,9000,330
8,9000,330
9,9000,330
10,9000,330
11,9000,330
12,9000,330
13,9000,330
14,9000,330
15,9000,330
2,10000,330
3,10000,330
4,10000,330
5,10000,330
6,10000,330
7,10000,330
8,10000,330
9,10000,330
10,10000,330
11,10000,330
12,10000,330
13,10000,330
14,10000,330
15,10000,330
2,1000,340
3,1000,340
4,1000,340
5,1000,340
6,1000,340
7,1000,340
8,1000,340
9,1000,340
10,1000,340
11,1000,340
12,1000,340
13,1000,340
14,1000,340
15,1000,340
2,2000,340
3,2000,340
4,2000,340
5,2000,340
6,2000,340
7,2000,340
8,2000,340
9,2000,340
10,2000,340
11,2000,340
12,2000,340
13,2000,340
14,2000,340
15,2000,340
2,3000,340
3,3000,340
4,3000,340
5,3000,340
6,3000,340
7,3000,340
8,3000,340
9,3000,340
10,3000,340
11,3000,340
12,3000,340
13,3000,340
14,3000,340
15,3000,340
2,4000,340
3,4000,340
4,4000,340
5,4000,340
6,4000,340
7,4000,340
8,4000,340
9,4000,340
10,4000,340
11,4000,340
12,4000,340
13,4000,340
14,4000,340
15,4000,340
2,5000,340
3,5000,340
4,5000,340
5,5000,340
6,5000,340
7,5000,340
8,5000,340
9,5000,340
10,5000,340
11,5000,340
12,5000,340
13,5000,340
14,5000,340
15,5000,340
2,6000,340
3,6000,340
4,6000,340
5,6000,340
6,6000,340
7,6000,340
8,6000,340
9,6000,340
10,6000,340
11,6000,340
12,6000,340
13,6000,340
14,6000,340
15,6000,340
2,7000,340
3,7000,340
4,7000,340
5,7000,340
6,7000,340
7,7000,340
8,7000,340
9,7000,340
10,7000,340
11,7000,340
12,7000,340
13,7000,340
14,7000,340
15,7000,340
2,8000,340
3,8000,340
4,8000,340
5,8000,340
6,8000,340
7,8000,340
8,8000,340
9,8000,340
10,8000,340
11,8000,340
12,8000,340
13,8000,340
14,8000,340
15,8000,340
2,9000,340
3,9000,340
4,9000,340
5,9000,340
6,9000,340
7,9000,340
8,9000,340
9,9000,340
10,9000,340
11,9000,340
12,9000,340
13,9000,340
14,9000,340
15,9000,340
2,10000,340
3,10000,340
4,10000,340
5,10000,340
6,10000,340
7,10000,340
8,10000,340
9,10000,340
10,10000,340
11,10000,340
12,10000,340
13,10000,340
14,10000,340
15,10000,340
2,1000,350
3,1000,350
4,1000,350
5,1000,350
6,1000,350
7,1000,350
8,1000,350
9,1000,350
10,1000,350
11,1000,350
12,1000,350
13,1000,350
14,1000,350
15,1000,350
2,2000,350
3,2000,350
4,2000,350
5,2000,350
6,2000,350
7,2000,350
8,2000,350
9,2000,350
10,2000,350
11,2000,350
12,2000,350
13,2000,350
14,2000,350
15,2000,350
2,3000,350
3,3000,350
4,3000,350
5,3000,350
6,3000,350
7,3000,350
8,3000,350
9,3000,350
10,3000,350
11,3000,350
12,3000,350
13,3000,350
14,3000,350
15,3000,350
2,4000,350
3,4000,350
4,4000,350
5,4000,350
6,4000,350
7,4000,350
8,4000,350
9,4000,350
10,4000,350
11,4000,350
12,4000,350
13,4000,350
14,4000,350
15,4000,350
2,5000,350
3,5000,350
4,5000,350
5,5000,350
6,5000,350
7,5000,350
8,5000,350
9,5000,350
10,5000,350
11,5000,350
12,5000,350
13,5000,350
14,5000,350
15,5000,350
2,6000,350
3,6000,350
4,6000,350
5,6000,350
6,6000,350
7,6000,350
8,6000,350
9,6000,350
10,6000,350
11,6000,350
12,6000,350
13,6000,350
14,6000,350
15,6000,350
2,7000,350
3,7000,350
4,7000,350
5,7000,350
6,7000,350
7,7000,350
8,7000,350
9,7000,350
10,7000,350
11,7000,350
12,7000,350
13,7000,350
14,7000,350
15,7000,350
2,8000,350
3,8000,350
4,8000,350
5,8000,350
6,8000,350
7,8000,350
8,8000,350
9,8000,350
10,8000,350
11,8000,350
12,8000,350
13,8000,350
14,8000,350
15,8000,350
2,9000,350
3,9000,350
4,9000,350
5,9000,350
6,9000,350
7,9000,350
8,9000,350
9,9000,350
10,9000,350
11,9000,350
12,9000,350
13,9000,350
14,9000,350
15,9000,350
2,10000,350
3,10000,350
4,10000,350
5,10000,350
6,10000,350
7,10000,350
8,10000,350
9,10000,350
10,10000,350
11,10000,350
12,10000,350
13,10000,350
14,10000,350
15,10000,350
2,1000,360
3,1000,360
4,1000,360
5,1000,360
6,1000,360
7,1000,360
8,1000,360
9,1000,360
10,1000,360
11,1000,360
12,1000,360
13,1000,360
14,1000,360
15,1000,360
2,2000,360
3,2000,360
4,2000,360
5,2000,360
6,2000,360
7,2000,360
8,2000,360
9,2000,360
10,2000,360
11,2000,360
12,2000,360
13,2000,360
14,2000,360
15,2000,360
2,3000,360
3,3000,360
4,3000,360
5,3000,360
6,3000,360
7,3000,360
8,3000,360
9,3000,360
10,3000,360
11,3000,360
12,3000,360
13,3000,360
14,3000,360
15,3000,360
2,4000,360
3,4000,360
4,4000,360
5,4000,360
6,4000,360
7,4000,360
8,4000,360
9,4000,360
10,4000,360
11,4000,360
12,4000,360
13,4000,360
14,4000,360
15,4000,360
2,5000,360
3,5000,360
4,5000,360
5,5000,360
6,5000,360
7,5000,360
8,5000,360
9,5000,360
10,5000,360
11,5000,360
12,5000,360
13,5000,360
14,5000,360
15,5000,360
2,6000,360
3,6000,360
4,6000,360
5,6000,360
6,6000,360
7,6000,360
8,6000,360
9,6000,360
10,6000,360
11,6000,360
12,6000,360
13,6000,360
14,6000,360
15,6000,360
2,7000,360
3,7000,360
4,7000,360
5,7000,360
6,7000,360
7,7000,360
8,7000,360
9,7000,360
10,7000,360
11,7000,360
12,7000,360
13,7000,360
14,7000,360
15,7000,360
2,8000,360
3,8000,360
4,8000,360
5,8000,360
6,8000,360
7,8000,360
8,8000,360
9,8000,360
10,8000,360
11,8000,360
12,8000,360
13,8000,360
14,8000,360
15,8000,360
2,9000,360
3,9000,360
4,9000,360
5,9000,360
6,9000,360
7,9000,360
8,9000,360
9,9000,360
10,9000,360
11,9000,360
12,9000,360
13,9000,360
14,9000,360
15,9000,360
2,10000,360
3,10000,360
4,10000,360
5,10000,360
6,10000,360
7,10000,360
8,10000,360
9,10000,360
10,10000,360
11,10000,360
12,10000,360
13,10000,360
14,10000,360
15,10000,360
2,1000,370
3,1000,370
4,1000,370
5,1000,370
6,1000,370
7,1000,370
8,1000,370
9,1000,370
10,1000,370
11,1000,370
12,1000,370
13,1000,370
14,1000,370
15,1000,370
2,2000,370
3,2000,370
4,2000,370
5,2000,370
6,2000,370
7,2000,370
8,2000,370
9,2000,370
10,2000,370
11,2000,370
12,2000,370
13,2000,370
14,2000,370
15,2000,370
2,3000,370
3,3000,370
4,3000,370
5,3000,370
6,3000,370
7,3000,370
8,3000,370
9,3000,370
10,3000,370
11,3000,370
12,3000,370
13,3000,370
14,3000,370
15,3000,370
2,4000,370
3,4000,370
4,4000,370
5,4000,370
6,4000,370
7,4000,370
8,4000,370
9,4000,370
10,4000,370
11,4000,370
12,4000,370
13,4000,370
14,4000,370
15,4000,370
2,5000,370
3,5000,370
4,5000,370
5,5000,370
6,5000,370
7,5000,370
8,5000,370
9,5000,370
10,5000,370
11,5000,370
12,5000,370
13,5000,370
14,5000,370
15,5000,370
2,6000,370
3,6000,370
4,6000,370
5,6000,370
6,6000,370
7,6000,370
8,6000,370
9,6000,370
10,6000,370
11,6000,370
12,6000,370
13,6000,370
14,6000,370
15,6000,370
2,7000,370
3,7000,370
4,7000,370
5,7000,370
6,7000,370
7,7000,370
8,7000,370
9,7000,370
10,7000,370
11,7000,370
12,7000,370
13,7000,370
14,7000,370
15,7000,370
2,8000,370
3,8000,370
4,8000,370
5,8000,370
6,8000,370
7,8000,370
8,8000,370
9,8000,370
10,8000,370
11,8000,370
12,8000,370
13,8000,370
14,8000,370
15,8000,370
2,9000,370
3,9000,370
4,9000,370
5,9000,370
6,9000,370
7,9000,370
8,9000,370
9,9000,370
10,9000,370
11,9000,370
12,9000,370
13,9000,370
14,9000,370
15,9000,370
2,10000,370
3,10000,370
4,10000,370
5,10000,370
6,10000,370
7,10000,370
8,10000,370
9,10000,370
10,10000,370
11,10000,370
12,10000,370
13,10000,370
14,10000,370
15,10000,370
