"cont_pred","bin_pred","threshold","Sens_train","F1_train","B.Accuracy_train","TSS_train","AUC_train","Boyce_train","COR_train","MAE_train","MSE_train","RMSE_train","Rsq_train"
0.319,0,0.423037434844416,0.908602150537634,0.320379146919431,0.88348671006902,0.766973420138039,0.88348671006902,0.99288022398463,0.431050636911051,0.837006785522988,0.768085881540169,0.876405089864367,-20.975100997363
0.976,1,0.377100297914598,0.932795698924731,0.305726872246696,0.887913890348915,0.775827780697831,0.887913890348915,0.976417641764177,0.432749776465484,0.836866740341592,0.766543547661533,0.875524727041751,-20.9227437700199
0.432,1,0.353626833894406,0.932432432432432,0.296137339055794,0.884543312403128,0.769086624806257,0.884543312403128,0.987221607195171,0.433955895627852,0.839493811558439,0.770328340314245,0.877683508056432,-21.1539070188233
0.434,1,0.31851214353858,0.962162162162162,0.27866927592955,0.888585885369541,0.777171770739082,0.888585885369541,0.978253825382538,0.432895016114279,0.837061499489578,0.766720027326037,0.8756255063245,-21.0501353850249
0.38,1,0.333161512027491,0.954054054054054,0.286525974025974,0.888982119572794,0.777964239145589,0.888982119572794,0.950803932809358,0.433039431729868,0.837083860697868,0.766558320834802,0.875533163754979,-21.0454848608476
0.507,1,0.353216898044484,0.943699731903485,0.295425933697021,0.887951475100614,0.775902950201228,0.887951475100614,0.986306630663066,0.4332169194617,0.835696223469641,0.764783259934499,0.874518873400968,-20.8180166259222
0.427,1,0.403452306757331,0.927613941018767,0.31889400921659,0.890390658022033,0.780781316044065,0.890390658022033,0.989855955167837,0.434499528301751,0.837757290335388,0.768033670636038,0.876375302388217,-20.9128016691547
0.874,1,0.361563421412751,0.944,0.304385210662081,0.891188341261006,0.782376682522012,0.891188341261006,0.973564277124926,0.436339319869118,0.835936601665158,0.76450620383763,0.874360454182158,-20.7022554602399
0.791,1,0.313283449630976,0.973333333333333,0.276724791508719,0.890643192013221,0.781286384026443,0.890643192013221,0.992232153344904,0.433518916384372,0.83361006163958,0.761504532539017,0.872642270657924,-20.6211016707496
0.419,1,0.364854684056935,0.932795698924731,0.300823580407456,0.88603347699273,0.77206695398546,0.88603347699273,0.990167987307149,0.43342750627607,0.83655324949985,0.766003100615263,0.875216030826254,-20.9052310384639
0.738,1,0.337225181148201,0.954666666666667,0.288709677419355,0.888993932038835,0.77798786407767,0.888993932038835,0.992901247550114,0.433990704430277,0.835402926127709,0.764031111444056,0.874088732019843,-20.7030102639021
0.339,0,0.351424994476766,0.946236559139785,0.29406850459482,0.888638311945449,0.777276623890898,0.888638311945449,0.990366007703251,0.433429902686761,0.83614160820395,0.76543065444734,0.874888938350086,-20.8970796886013
0.901,1,0.376245669031513,0.935483870967742,0.303267973856209,0.888043524391876,0.776087048783753,0.888043524391876,0.988406840684068,0.432735623437772,0.834341913080752,0.762089550102013,0.872977405264313,-20.7953617738535
0.322,1,0.314731512079217,0.956989247311828,0.275755228505035,0.884706683550693,0.769413367101387,0.884706683550693,0.978718808041633,0.432617841755437,0.836488543029905,0.76623401772261,0.875347940948404,-20.9200619268423
0.302,0,0.386292465363447,0.93010752688172,0.308928571428571,0.888060643246607,0.776121286493214,0.888060643246607,0.985349491002008,0.434760378628427,0.834799195723488,0.762657837598295,0.873302832697968,-20.8177562500211
0.33,0,0.385740828654214,0.929919137466307,0.312641594925238,0.889542269795369,0.779084539590738,0.889542269795369,0.992118140917545,0.435896610941184,0.840425941485683,0.771744200999532,0.878489727315882,-21.1349637916982
0.316,0,0.384011736572327,0.929919137466307,0.312217194570136,0.889398168773615,0.77879633754723,0.889398168773615,0.991815181518152,0.434645041075003,0.838301595964483,0.768495800539469,0.876638922555615,-21.0438625254722
0.924,1,0.364068674804602,0.946380697050938,0.29441201000834,0.888574963910085,0.777149927820169,0.888574963910085,0.989633932299481,0.429916831713133,0.829651342924415,0.755290097947349,0.869074276427136,-20.5451702071583
0.972,1,0.353058898698171,0.940700808625337,0.285831285831286,0.883222292594393,0.766444585188786,0.883222292594393,0.993948304166811,0.427424995376647,0.83117999581059,0.758480649989384,0.87090794576085,-20.7484174923968
0.995,1,0.322012045925089,0.956989247311828,0.278125,0.885810216087362,0.771620432174724,0.885810216087362,0.985493418822569,0.430224221809719,0.833883150064649,0.762681396824377,0.873316321171417,-20.8163829069115
0.968,1,0.336949367683701,0.948924731182796,0.287693561532192,0.886980074557194,0.773960149114389,0.886980074557194,0.982148107717098,0.431531750640779,0.83643549644121,0.766119820239384,0.875282708751512,-20.9126819309457
0.993,1,0.383274882701789,0.932614555256065,0.306873614190687,0.888481146669627,0.776962293339255,0.888481146669627,0.990891089108911,0.43332405581294,0.834960386193612,0.762618763350907,0.873280460877779,-20.8650196760117
0.829,1,0.357690486836222,0.946091644204852,0.293846797823357,0.888692011759343,0.777384023518686,0.888692011759343,0.98860782661059,0.430543115158113,0.833385365203729,0.761183552988019,0.872458338826571,-20.8238708027714
0.979,1,0.346251429388222,0.946236559139785,0.28995057660626,0.88689218909322,0.77378437818644,0.88689218909322,0.98990996073041,0.431338991517824,0.835458173734559,0.764518440645247,0.874367451730248,-20.8648267705744
0.804,1,0.364134866764205,0.940540540540541,0.295918367346939,0.887611427696414,0.775222855392827,0.887611427696414,0.984410441044104,0.429932084766247,0.832511814398865,0.759343156782868,0.871402981853326,-20.8318354254889
0.837,1,0.309486723038125,0.970189701897019,0.267964071856287,0.886733366170518,0.773466732341036,0.886733366170518,0.977137713771377,0.425076516361529,0.830729514600667,0.757679507743881,0.87044787767211,-20.8449304068923
0.902,1,0.334167969513387,0.956403269754768,0.279125248508946,0.887287944702336,0.774575889404672,0.887287944702336,0.981125055885172,0.42744440913194,0.831860473345786,0.758116197427019,0.870698683487588,-20.9598134666542
0.894,1,0.401954138519436,0.931880108991826,0.307692307692308,0.889359376701274,0.778718753402549,0.889359376701274,0.989318931893189,0.426547443516159,0.830604587684556,0.756122671059367,0.869553144470979,-20.906183282732
0.892,1,0.37863294246675,0.935135135135135,0.302579798863139,0.888103733475509,0.776207466951018,0.888103733475509,0.98792375615133,0.428115137273519,0.831733711518248,0.758489163912299,0.87091283370513,-20.8093294194223
0.886,1,0.306587310009787,0.975675675675676,0.267011834319527,0.888040164595552,0.776080329191103,0.888040164595552,0.980047885093463,0.428985675106787,0.832271592738419,0.758702799632158,0.871035475530221,-20.8154722254264
0.901,1,0.347574106740416,0.956756756756757,0.287104622871046,0.890265075394059,0.780530150788117,0.890265075394059,0.976753675367537,0.42920796597936,0.832103657649949,0.758577166376698,0.870963355358133,-20.8118598111894
0.871,1,0.366018437521028,0.943243243243243,0.296390658174098,0.888869977716715,0.777739955433431,0.888869977716715,0.987530753075308,0.427805110445331,0.832673955120264,0.759983188408634,0.871770146545885,-20.8522880719008
0.892,1,0.386471028201857,0.935135135135135,0.302977232924694,0.88824745425312,0.77649490850624,0.88824745425312,0.991407140714071,0.430041569665987,0.83094089356424,0.756517455219908,0.869780118892073,-20.7505938274932
0.841,1,0.317215889464594,0.964577656675749,0.272727272727273,0.887428967971589,0.774857935943178,0.887428967971589,0.978211690456798,0.428434446245421,0.836273607693857,0.765466000062251,0.874909138175074,-21.1727099796613
0.984,1,0.382983931155689,0.946236559139785,0.309314586994728,0.89458371829067,0.789167436581339,0.89458371829067,0.983066306630663,0.433837992456765,0.835459977641904,0.763474639169527,0.873770358371996,-20.8349745953538
0.888,1,0.39566255683218,0.926229508196721,0.302408563782337,0.885386423967886,0.770772847935773,0.885386423967886,0.983078307830783,0.422863451640815,0.828721155961751,0.754067307948047,0.86837049002603,-20.9061676914534
0.907,1,0.35277134505668,0.953551912568306,0.287835051546392,0.890307509682211,0.780615019364423,0.890307509682211,0.977830716568207,0.425763230169775,0.831830440229719,0.757803627743124,0.870519171381724,-21.0167779850431
0.911,1,0.385139694376741,0.934426229508197,0.303460514640639,0.889029641506399,0.778059283012799,0.889029641506399,0.983333183356815,0.427393251350163,0.832320101294583,0.758585487712288,0.870968132432116,-21.0374238837486
0.755,1,0.328683764483592,0.962666666666667,0.286280729579699,0.890912110166059,0.781824220332118,0.890912110166059,0.983864289632412,0.433362411309926,0.835851451351434,0.765155336247726,0.874731579541819,-20.7104951975361
0.958,1,0.385624452268569,0.938502673796791,0.309660344067049,0.891207000427093,0.782414000854186,0.891207000427093,0.981467091114802,0.432736709636195,0.833824116858137,0.761531097145966,0.872657491313726,-20.6673086350597
0.997,1,0.296382404786069,0.978436657681941,0.264,0.887204362643217,0.774408725286434,0.887204362643217,0.98185407654979,0.432468865982952,0.8345458511074,0.762050011953421,0.87295475939674,-20.8487130217639
0.997,1,0.383413053322767,0.935309973045822,0.307351638618246,0.889743421208735,0.77948684241747,0.889743421208735,0.977953663105894,0.431080306710142,0.834520498201574,0.762538090008478,0.873234269831686,-20.866811616535
0.869,1,0.36432085578806,0.937837837837838,0.296961916987591,0.886943410367153,0.773886820734306,0.886943410367153,0.983843335868022,0.430739226979485,0.83451973912937,0.762324033950271,0.873111696147905,-20.911366127709
0.855,1,0.366389746775019,0.948648648648649,0.296452702702703,0.890990990990991,0.781981981981982,0.890990990990991,0.986066606660666,0.429858895083332,0.831549373444988,0.758243551915888,0.870771813919059,-20.7961278742583
0.996,1,0.373364418419721,0.935135135135135,0.304443466783986,0.888795939519404,0.777591879038808,0.888795939519404,0.982376026185672,0.431216991230405,0.836098284612166,0.765631699632058,0.875003828352801,-21.0105706175239
0.206,0,0.322889804752256,0.959349593495935,0.283881315156375,0.890121803220459,0.780243606440919,0.890121803220459,0.98937893789379,0.434054348956605,0.837272601989304,0.768375105515146,0.876570080207593,-21.155378450353
0.999,1,0.349974039460021,0.943396226415094,0.289136720363486,0.885691839808782,0.771383679617563,0.885691839808782,0.986645624503764,0.429078710445434,0.833931709417525,0.762449018976605,0.873183267691614,-20.8642573841629
0.997,1,0.319958720330237,0.962059620596206,0.275835275835276,0.887434748070035,0.774869496140069,0.887434748070035,0.988199784582259,0.429691644463272,0.834439673273997,0.762513418921769,0.873220143447097,-20.9760444286767
0.994,1,0.334885393547902,0.959349593495935,0.28433734939759,0.890269817998727,0.780539635997453,0.890269817998727,0.98618357691286,0.429468771803343,0.834556213157889,0.762985356551839,0.873490329970423,-20.9875810952772
0.997,1,0.360751157626158,0.934959349593496,0.294368600682594,0.885006491230668,0.770012982461336,0.885006491230668,0.986084524977399,0.428519299982522,0.835275020949195,0.764825244390298,0.874542877388123,-21.0406026673256
0.99,1,0.330611836843508,0.953678474114441,0.275916436736303,0.884761932595013,0.769523865190026,0.884761932595013,0.984434443444344,0.426808498800447,0.833430899719804,0.760836155289516,0.872259224823399,-21.0386005543069
1,1,0.351421110341644,0.942779291553134,0.288694201084689,0.88619284318626,0.77238568637252,0.88619284318626,0.991884164073364,0.427035425561691,0.83422090256623,0.762364292711032,0.873134750603269,-21.0828650256924
0.891,1,0.358720771566766,0.940054495912807,0.293617021276596,0.887124120109455,0.77424824021891,0.887124120109455,0.983498052929591,0.428179359889798,0.834200805052686,0.762069966570984,0.872966188675704,-21.0660450080096
0.998,1,0.328628286610034,0.959016393442623,0.278903456495828,0.888442730769677,0.776885461539355,0.888442730769677,0.987662766276628,0.427218792103192,0.833167413555976,0.76011869562007,0.871847862657282,-21.0736686957186
0.914,1,0.359458047389082,0.942622950819672,0.294871794871795,0.888872204154775,0.777744408309551,0.888872204154775,0.989450881811284,0.427774376825697,0.834352277804813,0.762343030952112,0.873122574987105,-21.1320227313435
1,1,0.388425402348847,0.934604904632153,0.30625,0.889888973263253,0.779777946526506,0.889888973263253,0.985730573057306,0.428689572290121,0.833979209118577,0.76134730918509,0.872552181353694,-21.0513351313255
0.227,0,0.320486055350356,0.954054054054054,0.283192940232651,0.887506492938417,0.775012985876834,0.887506492938417,0.986114611461146,0.43270718482163,0.837550944320467,0.768374847828451,0.876569933221789,-21.0956526613541
1,1,0.296277046277046,0.97275204359673,0.264346538319141,0.886345663571286,0.772691327142571,0.886345663571286,0.99007197741813,0.428303807723789,0.833895491872952,0.761685602193496,0.872746012419132,-21.0611333041318
0.999,1,0.351526368191161,0.932065217391304,0.290554849639983,0.882547484226921,0.765094968453842,0.882547484226921,0.971029102910291,0.428451138307065,0.836681436148223,0.766753480982091,0.875644608835166,-21.1518916683388
0.999,1,0.427498483447492,0.920980926430518,0.321140142517815,0.889654600029669,0.779309200059338,0.889654600029669,0.984209373569907,0.429908414638552,0.833780096393173,0.761330528638575,0.872542565516763,-21.0508491068129
1,1,0.37863294246675,0.934604904632153,0.298910675381264,0.887098019566355,0.774196039132709,0.887098019566355,0.98182112758056,0.425845016275436,0.831390507332433,0.758541940520806,0.870943132770909,-20.9680176223969
0.992,1,0.359819924600946,0.942622950819672,0.298056155507559,0.890145601510433,0.780291203020866,0.890145601510433,0.984794479447945,0.42908852382355,0.836392433801626,0.764800326056253,0.874528630781322,-21.2054486419638
0.999,1,0.339568027720859,0.952646239554318,0.278615071283096,0.887548952351306,0.775097904702612,0.887548952351306,0.981284016123374,0.42117541373571,0.834142417280175,0.763133790521984,0.873575291844947,-21.5539960670388
0.91,1,0.319596539164875,0.955431754874652,0.270291568163909,0.884791492378109,0.769582984756219,0.884791492378109,0.988406840684068,0.420512431312535,0.834379859239549,0.76355316258476,0.873815290885185,-21.5663903758376
0.999,1,0.300458286569398,0.969529085872576,0.261976047904192,0.885533695856033,0.771067391712066,0.885533695856033,0.975922231166388,0.420504073870877,0.832464564106434,0.761524194963422,0.872653536613141,-21.3946947912623
0.997,1,0.35972785972786,0.935933147632312,0.287917737789203,0.885012833559045,0.77002566711809,0.885012833559045,0.978184753033965,0.420614848667729,0.833204700236039,0.761764965335532,0.872791478725321,-21.5135411975846
0.974,1,0.376269714741217,0.930362116991644,0.294143549097314,0.885306589979928,0.770613179959856,0.885306589979928,0.988847784448558,0.42176786581471,0.833516090301547,0.761529156087159,0.87265637915915,-21.5044535364137
0.249,0,0.380421257565284,0.92972972972973,0.311030741410488,0.889093494101081,0.778186988202163,0.889093494101081,0.991806106905825,0.435496570642518,0.839247068844435,0.77077614450138,0.877938576724693,-21.1626249178775
1,1,0.361013684623524,0.936111111111111,0.285956724649979,0.884030449258734,0.768060898517469,0.884030449258734,0.989078907890789,0.420957472874048,0.8327416788183,0.761091330691718,0.872405485248527,-21.4334208062248
0.976,1,0.355532455532456,0.947368421052632,0.288973384030418,0.88946516001513,0.778930320030261,0.88946516001513,0.989456882447351,0.425624893847799,0.834397193246252,0.761957297675508,0.872901654068491,-21.4032156228143
0.995,1,0.37241721921447,0.933518005540166,0.295225580376697,0.886538332661773,0.773076665323545,0.886538332661773,0.986681548328733,0.423792131162366,0.834250606146838,0.763093579899836,0.873552276569546,-21.4366248122238
0.996,1,0.329663750818878,0.96398891966759,0.270817120622568,0.887804764520504,0.775609529041009,0.887804764520504,0.990744046641263,0.422901527781556,0.830912817129266,0.757795177778288,0.870514317962828,-21.2808401697674
0.991,1,0.354302326524323,0.944598337950138,0.284048313202832,0.88630868410818,0.77261736821636,0.88630868410818,0.978913891389139,0.421492623093046,0.830474349628419,0.757357267786942,0.870262757899557,-21.2679646556284
0.996,1,0.363378049561375,0.941828254847645,0.286436394271272,0.886239565221171,0.772479130442341,0.886239565221171,0.983474248288023,0.422180514738855,0.830723019484979,0.757584598936755,0.870393358738884,-21.2746486899996
0.968,1,0.294086977856836,0.972375690607735,0.256840569135352,0.88362763482016,0.767255269640319,0.88362763482016,0.984860395219623,0.422600890057421,0.831535008564852,0.758434358141408,0.870881368580938,-21.2486527851345
0.831,1,0.387993819156293,0.926430517711172,0.301284891448826,0.884813640241524,0.769627280483048,0.884813640241524,0.979279803676819,0.423858543171188,0.830950487719458,0.757688328890969,0.870452944673616,-20.951543101621
0.857,1,0.371162578176314,0.940054495912807,0.295756536648093,0.888034329392923,0.776068658785847,0.888034329392923,0.962901178825753,0.426960847173233,0.831989956202744,0.758645542605635,0.871002607691639,-20.9792752406995
0.984,1,0.326575413223141,0.956403269754768,0.280463443867359,0.88789504780868,0.775790095617361,0.88789504780868,0.992664244421643,0.430443993699712,0.836578546566122,0.764695140882895,0.874468490503171,-21.1503810492873
0.24,0,0.327865636464017,0.956756756756757,0.285138944824809,0.889396184934429,0.778792369868857,0.889396184934429,0.991959195919592,0.433583732345735,0.835380259182128,0.764840227564734,0.874551443635384,-20.98988142032
0.875,1,0.314440290879355,0.967213114754098,0.265466816647919,0.885104078372698,0.770208156745396,0.885104078372698,0.979630901987314,0.425327783908774,0.831674655357749,0.758222817906184,0.870759908302044,-21.018612851434
0.929,1,0.353553870058872,0.953551912568306,0.286417726713172,0.889656660523756,0.779313321047513,0.889656660523756,0.980299793647478,0.42307570627968,0.830764139870482,0.757815877835229,0.870526207437334,-21.0067954071887
0.934,1,0.357379464777784,0.948228882833787,0.291579388353582,0.889524741932931,0.779049483865863,0.889524741932931,0.988526852685269,0.429672438242324,0.834430145176863,0.762197615222825,0.873039297639473,-21.0780369972681
0.999,1,0.345489541559003,0.95,0.279983626688498,0.886883793906266,0.773767587812532,0.886883793906266,0.97953795379538,0.42200523852969,0.832574816894267,0.760546003947628,0.872092887224536,-21.4194569406271
0.891,1,0.35277134505668,0.938888888888889,0.286805260924905,0.885469955681537,0.770939911363074,0.885469955681537,0.964848273934406,0.423499252199196,0.834470865505566,0.763076176778266,0.873542315390769,-21.4919248065984
0.986,1,0.371792959209045,0.936288088642659,0.295067656045395,0.887593548470287,0.775187096940575,0.887593548470287,0.987818781878188,0.42295775907341,0.83390159620847,0.762081569356417,0.872972834260275,-21.4131941164194
0.996,1,0.347529986893695,0.93646408839779,0.28511354079058,0.883389385087289,0.766778770174579,0.883389385087289,0.988583824138335,0.425659522234255,0.836245493756453,0.765159673739848,0.874734058865806,-21.4480506133715
0.869,1,0.375653185250708,0.947513812154696,0.289818335445712,0.889664617067026,0.779329234134053,0.889664617067026,0.970377593532436,0.420614218422982,0.827511859650598,0.753112628209733,0.867820619834383,-21.0925399716852
0.908,1,0.328902932378424,0.962162162162162,0.276719782355227,0.887637794629599,0.775275589259198,0.887637794629599,0.987842638446639,0.428366412203832,0.831500080703321,0.758006492621597,0.870635683062438,-20.7913592689634
0.858,1,0.369486042618649,0.945945945945946,0.301984469370147,0.892110712068206,0.784221424136412,0.892110712068206,0.982982298229823,0.430722450378075,0.833955607296784,0.761563727631723,0.872676187157483,-20.8895127564745
0.257,0,0.336145278392937,0.948648648648649,0.29020256304258,0.88842792610498,0.77685585220996,0.88842792610498,0.991614136260498,0.434571743533658,0.838662156896142,0.769627159441031,0.87728396739085,-21.1275102485814
0.997,1,0.426116868263266,0.91830985915493,0.313461538461539,0.888326659022584,0.776653318045168,0.888326659022584,0.97329716951749,0.422223323004236,0.833393329513797,0.76099507037822,0.872350314024257,-21.7200131549295
0.999,1,0.372193585337915,0.941828254847645,0.295138888888889,0.889766005524461,0.779532011048921,0.889766005524461,0.981500039021805,0.425757385904438,0.832447564741375,0.759005467150916,0.871209198270379,-21.312225931425
0.998,1,0.374058744993324,0.930747922437673,0.298268974700399,0.886613078449045,0.77322615689809,0.886613078449045,0.970782903005194,0.426153452866929,0.83751061103265,0.767510477506261,0.876076753205027,-21.5643680601655
0.998,1,0.368162648036125,0.938202247191011,0.290308561495002,0.887556276460458,0.775112552920916,0.887556276460458,0.976327490731593,0.422237565629636,0.833990845963248,0.762246609871341,0.873067357007087,-21.7021666285714
0.999,1,0.349487166000421,0.943661971830986,0.28021748222501,0.885747989964076,0.771495979928152,0.885747989964076,0.991059105910591,0.419554976462493,0.83241603884592,0.759688351102832,0.87160102747922,-21.6895489963096
1,1,0.350772237851518,0.938028169014084,0.281012658227848,0.883901241677369,0.767802483354738,0.883901241677369,0.976162544746502,0.420635465370352,0.834841106986273,0.763699357047005,0.873898939836298,-21.8114938669755
1,1,0.354450749787537,0.938028169014084,0.28030303030303,0.883606272323274,0.767212544646548,0.883606272323274,0.989732911706458,0.418701460629754,0.831656238007936,0.759106856872902,0.871267385406398,-21.6764526944456
0.996,1,0.393191346818811,0.932394366197183,0.297661870503597,0.888371052140187,0.776742104280373,0.888371052140187,0.986984542339813,0.419676881544747,0.830865594221218,0.757633676506181,0.870421551035003,-21.6303136248039
0.999,1,0.366301573398778,0.932960893854749,0.289177489177489,0.884630993264889,0.769261986529779,0.884630993264889,0.971221122112211,0.421610939255166,0.832898700402789,0.760725242166229,0.872195644432044,-21.5518205320799
1,1,0.361873447670435,0.938375350140056,0.285106382978723,0.885314749129113,0.770629498258227,0.885314749129113,0.991686143677262,0.4211864873992,0.833200790831033,0.761786369769634,0.872803740694111,-21.6421142375918
0.233,0,0.35112405049151,0.948648648648649,0.299743808710504,0.89234799176642,0.78469598353284,0.89234799176642,0.987845748116502,0.434445009109004,0.837893949037866,0.768652603923267,0.876728352412118,-21.1057144413846
0.996,1,0.357610375775946,0.938375350140056,0.285470813804857,0.885458038320053,0.770916076640107,0.885458038320053,0.974833483348335,0.422098229660313,0.834624647316723,0.762938767071525,0.873463660990842,-21.6742319485542
0.992,1,0.342064101860491,0.938202247191011,0.277178423236515,0.882074205967495,0.76414841193499,0.882074205967495,0.980533936614933,0.421853763781257,0.834418467570656,0.763576575220678,0.873828687570211,-21.7503456664043
0.931,1,0.386791334674635,0.930747922437673,0.298136645962733,0.886610302780957,0.773220605561914,0.886610302780957,0.981031875640714,0.420636882343025,0.831912182529668,0.75958807226579,0.871543499927451,-21.3440617687948
0.912,1,0.351038357593286,0.942779291553134,0.290146750524109,0.886817061052237,0.773634122104474,0.886817061052237,0.989735819730627,0.427873547924648,0.833754776926246,0.761656379841517,0.872729270645552,-21.0665044097857
0.774,1,0.313234163864012,0.964673913043478,0.267319277108434,0.88455265866662,0.769105317333239,0.88455265866662,0.993399300343719,0.426221695971551,0.831403912264708,0.758143129556952,0.870714149165472,-20.9072489382163
0.778,1,0.384130446788535,0.932065217391304,0.30193661971831,0.88706660302993,0.77413320605986,0.88706660302993,0.990621005844453,0.427746168933498,0.832215962105742,0.759284450800097,0.871369296452484,-20.9402284741605
0.792,1,0.360031066583536,0.945652173913043,0.286184210526316,0.886019126211884,0.772038252423768,0.886019126211884,0.968712871287129,0.424885330581719,0.828612362238914,0.75396181034415,0.86830974331983,-20.7864258412128
0.816,1,0.325447601440109,0.967391304347826,0.274797375530683,0.889250083578203,0.778500167156406,0.889250083578203,0.979780917438906,0.426451264040659,0.831200582343572,0.757609920447801,0.87040790463311,-20.8918413664335
0.391,1,0.329561459667093,0.956639566395664,0.27960396039604,0.887130222202485,0.77426044440497,0.887130222202485,0.980905861527124,0.428371356056597,0.834411383574683,0.76234103419329,0.873121431527877,-20.9772654657302
0.769,1,0.379582721614524,0.932249322493225,0.303752759381898,0.887629820057051,0.775259640114103,0.887629820057051,0.988706870687069,0.429877969635517,0.834809758964258,0.76282025350632,0.873395817202212,-20.9910807132197
0.333,1,0.31199173553719,0.962466487935657,0.273836765827613,0.885624178812021,0.771248357624042,0.885624178812021,0.994503450345035,0.431960423173472,0.834357261930058,0.763081386921683,0.873545297578599,-20.7755936106749
0.957,1,0.37052862160209,0.938172043010753,0.299313893653516,0.887598919836181,0.775197839672361,0.887598919836181,0.984998499849985,0.431561304886286,0.831948044104905,0.758774104249735,0.871076405517756,-20.7086890617447
0.589,1,0.367086148528004,0.947222222222222,0.294219154443486,0.891745983529094,0.783491967058188,0.891745983529094,0.982223168990827,0.425022979102781,0.835099152427861,0.763742576667086,0.873923667528856,-21.5073297880179
0.997,1,0.335893581043248,0.958448753462604,0.27959595959596,0.889732576771796,0.779465153543592,0.889732576771796,0.98289818722554,0.426277116656158,0.833798652620029,0.761549550245082,0.872668064183102,-21.3891202158128
0.999,1,0.332345445192667,0.958448753462604,0.277465918203689,0.888770843627435,0.777541687254869,0.888770843627435,0.9849384034885,0.424130914840819,0.832682142417055,0.760475170309736,0.872052274986847,-21.3575340616063
0.997,1,0.423168386966201,0.914127423822715,0.315487571701721,0.886148546898197,0.772297093796394,0.886148546898197,0.984077359972506,0.425142255878191,0.832809219862621,0.760065589054704,0.871817405799348,-21.3454926075025
0.901,1,0.350732750836933,0.950138504155125,0.284647302904564,0.888715739220709,0.777431478441418,0.888715739220709,0.989279895833723,0.426253390091238,0.833129816732389,0.760295222872241,0.87194909419773,-21.3522437100995
0.723,1,0.348318551775999,0.961111111111111,0.285832300702189,0.893755272126059,0.787510544252117,0.893755272126059,0.986687548982805,0.426514132356735,0.834357709453525,0.762490172934024,0.87320683284891,-21.4767673632046
0.989,1,0.352741120662139,0.944598337950138,0.286434271314574,0.887312329533887,0.774624659067774,0.887312329533887,0.982379079359441,0.423199744087741,0.834721302590319,0.763907924903562,0.874018263483986,-21.4584550788242
0.58,1,0.364558635007431,0.933333333333333,0.290030211480363,0.884615644192482,0.769231288384963,0.884615644192482,0.985088419390189,0.422952386819966,0.832741259491586,0.760482394005308,0.872056416755996,-21.4154721943044
0.707,1,0.332354054472566,0.952777777777778,0.272114240380801,0.884366212233695,0.768732424467391,0.884366212233695,0.968448655574925,0.420596655169679,0.829403629673102,0.756087887205822,0.869533143247468,-21.2859426407631
0.899,1,0.343452652620268,0.941666666666667,0.284157585917854,0.8854501973884,0.770900394776799,0.8854501973884,0.985517421438855,0.425201174459105,0.835995045066237,0.765275821900816,0.874800446902501,-21.558883023189
0.944,1,0.392751887078384,0.922043010752688,0.308037718904356,0.884511030728029,0.769022061456058,0.884511030728029,0.985829540447103,0.43123586540675,0.834469671452944,0.762690675353429,0.873321633393694,-20.8125536410353
0.998,1,0.335142168249581,0.956043956043956,0.280758370310609,0.888580795596386,0.777161591192772,0.888580795596386,0.97612654103812,0.427748249546271,0.83501665102644,0.763360948539061,0.873705298449689,-21.2704542994381
0.989,1,0.344938604372567,0.953296703296703,0.285949732179646,0.889788663452361,0.779577326904721,0.889788663452361,0.982589102251945,0.429655177135156,0.83446329446241,0.762126939458256,0.872998819849292,-21.2344530566555
0.872,1,0.337908123645383,0.953296703296703,0.280971659919028,0.887621122171684,0.775242244343368,0.887621122171684,0.977296661560539,0.427591194771789,0.833953864506825,0.761896092261304,0.872866594767668,-21.2298085507365
0.991,1,0.383489474935215,0.931318681318681,0.299205648720212,0.886552143574616,0.773104287149231,0.886552143574615,0.980236964411746,0.427809595836167,0.834535709229047,0.763122705659794,0.873568947284525,-21.2655973955556
0.998,1,0.389804725273139,0.930555555555556,0.294505494505495,0.885334446468326,0.770668892936653,0.885334446468326,0.98949894989499,0.421770745347836,0.827583973385295,0.752083471280703,0.867227462250074,-21.1762565341814
1,1,0.324764296413781,0.966666666666667,0.268208092485549,0.887856709168185,0.775713418336369,0.887856709168185,0.985538553855386,0.42177471941397,0.828803274807077,0.754408138602232,0.868566715113026,-21.2448026741345
0.998,1,0.357155000087932,0.944444444444444,0.284162139573757,0.886578758037682,0.773157516075363,0.886578758037682,0.989912930788484,0.421318696536519,0.831197612735662,0.758238498738316,0.870768912363272,-21.3619531664349
1,1,0.3745757562487,0.930555555555556,0.291684806269047,0.884229513080823,0.768459026161647,0.884229513080823,0.992592237004879,0.422865582550874,0.833488088893884,0.761940692378607,0.872892142465841,-21.4690244861448
1,1,0.327124906391789,0.961111111111111,0.273842500989315,0.888427659167819,0.776855318335638,0.888427659167819,0.989261893979532,0.422412155407314,0.833532513620618,0.761950536892158,0.87289778146823,-21.4693147930129
0.996,1,0.333160978972768,0.95,0.28009828009828,0.886970049580087,0.773940099160174,0.886970049580087,0.984950495049505,0.424932616573836,0.837220211674809,0.767474269276378,0.876056087974039,-21.6322052639346
0.996,1,0.368152801732484,0.940860215053763,0.300171526586621,0.888960620632843,0.777921241265685,0.888960620632843,0.987590759075908,0.429990569829045,0.834019774935479,0.762114541014464,0.872991718754803,-20.7960765008536
0.999,1,0.346511586913604,0.942307692307692,0.28920741989882,0.886901240142309,0.773802480284618,0.886901240142309,0.991521101254582,0.427448158037297,0.837301007309591,0.767774078817707,0.876227184477694,-21.405523117143
0.918,1,0.358683883915604,0.950138504155125,0.289451476793249,0.890766043900252,0.781532087800505,0.890766043900252,0.971128026191068,0.425489141802359,0.832942581496415,0.76070247851488,0.872182594709892,-21.3705299791765
0.933,1,0.332313812788591,0.96398891966759,0.273155416012559,0.888937076977809,0.777874153955618,0.888937076977809,0.980635947428081,0.424023281493357,0.830429759923835,0.756632776526032,0.869846409733369,-21.2508492985961
0.901,1,0.398238419477974,0.922651933701657,0.301989150090416,0.884620846429861,0.769241692859723,0.884620846429861,0.985541510780046,0.424498897566301,0.831119993271058,0.757959710011406,0.870608815721163,-21.2347289942011
0.888,1,0.352597199738718,0.946524064171123,0.29426433915212,0.888368781048427,0.776737562096854,0.888368781048427,0.97234906901882,0.431638293623582,0.833659058390621,0.761324394053688,0.872539050159755,-20.6695582988634
0.921,1,0.387451148195692,0.931693989071038,0.306104129263914,0.888842134268204,0.777684268536409,0.888842134268204,0.983840287088142,0.42963416313755,0.83490296895354,0.762735314734856,0.873347190259896,-21.135086888282
0.969,1,0.30287931751164,0.969945355191257,0.268634127884979,0.887675927570317,0.775351855140634,0.887675927570317,0.994176400173692,0.429786053669735,0.836989114667436,0.766490111990589,0.8754942101411,-21.246144965025
0.986,1,0.343865428771089,0.956284153005464,0.281576830249397,0.888549041475399,0.777098082950797,0.888549041475399,0.987941685683756,0.426736317789131,0.831860780201611,0.758685735404828,0.871025680106407,-21.0217055296479
0.868,1,0.344387513887904,0.953551912568306,0.284433577832111,0.888760975010745,0.77752195002149,0.888760975010745,0.990747074707471,0.429130672372928,0.833345005534726,0.760575014400267,0.872109519728037,-21.078619195497
0.993,1,0.326167447899474,0.961748633879781,0.273610571317528,0.886978791529889,0.773957583059777,0.886978791529889,0.986519611524427,0.426917741198199,0.832751726223512,0.759867916848022,0.871704030533312,-21.0560196737127
0.391,1,0.310971185163849,0.975806451612903,0.271199103474038,0.889643764159012,0.779287528318024,0.889643764159012,0.980068947105963,0.430454316271488,0.832486763808879,0.759758821571806,0.871641452417108,-20.7307436271928
0.993,1,0.341125237450803,0.950684931506849,0.284193284193284,0.887782996171483,0.775565992342966,0.887782996171483,0.989423910667252,0.427250986620812,0.834927675850407,0.763637802837605,0.873863720975762,-21.2239222543011
0.997,1,0.364163765221541,0.934426229508197,0.292808219178082,0.884807769542517,0.769615539085034,0.884807769542517,0.982964194222283,0.427867569328345,0.832619804597848,0.759555488816341,0.871524806770491,-21.0469510992137
0.992,1,0.362350742542477,0.942622950819672,0.291754756871036,0.88759854900028,0.775197098000561,0.88759854900028,0.986600579679207,0.426971550385682,0.832153540574689,0.759243415625589,0.871345749760443,-21.0399644123255
0.993,1,0.386888086060785,0.926229508196721,0.300398759415153,0.884564293525428,0.769128587050856,0.884564293525428,0.988154815481548,0.426442292084117,0.832121982849146,0.759107738201727,0.871267891180277,-21.0360258525278
0.938,1,0.360967926689576,0.942622950819672,0.293992330634853,0.888484419921784,0.776968839843569,0.888484419921784,0.995640550981232,0.42837692614313,0.832882291244736,0.759464493332136,0.871472600448308,-21.0401654724952
0.75,1,0.368595003516637,0.939890710382514,0.295025728987993,0.887827088686599,0.775654177373198,0.887827088686599,0.989198855096448,0.427359170920302,0.832650402434439,0.759765625577268,0.871645355392471,-21.0489045308318
0.905,1,0.368410473523822,0.939890710382514,0.29757785467128,0.888847855950597,0.777695711901194,0.888847855950597,0.984743337063627,0.428877032453007,0.832815871700204,0.759717204073688,0.871617579029753,-21.0495721860718
0.839,1,0.374870600414079,0.931693989071038,0.298076923076923,0.885780145553447,0.771560291106894,0.885780145553447,0.99057602933548,0.426121737886157,0.833201887632534,0.760906195225368,0.872299372477917,-21.0757762541909
0.477,1,0.370675095587718,0.945355191256831,0.293469041560645,0.88932738294865,0.778654765897301,0.88932738294865,0.984611414980174,0.428120312424679,0.830358648422996,0.755505786269988,0.869198358414228,-20.9211583809508
0.734,1,0.35070387347657,0.948087431693989,0.290619765494137,0.889225000027671,0.778450000055342,0.889225000027671,0.970929831390949,0.429314914620382,0.834195149568404,0.761913036739301,0.872876300938054,-21.1070660932102
0.792,1,0.389764267990074,0.940379403794038,0.306131451257168,0.891745437280389,0.783490874560779,0.891745437280389,0.975070432258911,0.427279350367342,0.831634149456693,0.758992701910566,0.871201872077055,-20.8807375548028
0.742,1,0.337863294246675,0.959349593495935,0.278740157480315,0.887739965742098,0.775479931484196,0.887739965742098,0.988631829082845,0.428378145047116,0.830097660271165,0.755766025706452,0.869348046357989,-20.7795356576374
0.951,1,0.323599120625973,0.956284153005464,0.276134122287968,0.886022153480348,0.772044306960696,0.886022153480348,0.988625828464781,0.429037820345036,0.836215875577013,0.7646887438333,0.874464832816792,-21.1855173724303
0.939,1,0.33128765060241,0.96195652173913,0.282521947326417,0.890639998767074,0.781279997534148,0.890639998767074,0.985307486675562,0.429374561564609,0.834106830257944,0.762116119722009,0.872992622948218,-21.001371234096
0.807,1,0.329622863512509,0.961748633879781,0.277931306750888,0.8889848880213,0.7779697760426,0.8889848880213,0.996939693969397,0.428471427420029,0.833443694281391,0.76072942437102,0.872198041944041,-21.0768746138087
0.208,0,0.352541024093079,0.959893048128342,0.298420615128845,0.89530623265468,0.79061246530936,0.89530623265468,0.988325797561597,0.434957319744132,0.834078199167241,0.761411842420287,0.87258916015516,-20.6720473396625
0.925,1,0.333161512027491,0.957333333333333,0.291159772911598,0.890997097928056,0.781994195856111,0.890997097928056,0.982610156694298,0.436151815198519,0.838002419284807,0.76787090951311,0.876282437067587,-20.7916362023336
0.666,1,0.365084575740584,0.936,0.300642398286938,0.886564632047778,0.773129264095556,0.886564632047778,0.987419628779532,0.432315980436665,0.833617893269955,0.761353631174585,0.872555804046128,-20.6087077787075
0.462,1,0.380634544013354,0.935828877005348,0.306748466257669,0.889116137875524,0.778232275751049,0.889116137875524,0.984722380590069,0.432211161694647,0.833295865869469,0.760525307815511,0.872081021359547,-20.6529056627911
0.723,1,0.379582721614524,0.938172043010753,0.30387461906835,0.889345078376455,0.77869015675291,0.889345078376455,0.982907239450087,0.431713148428567,0.832186479201254,0.758356965410173,0.870836933880375,-20.6906475124973
0.741,1,0.394798430735931,0.935483870967742,0.312387791741472,0.891433869498647,0.782867738997294,0.891433869498647,0.978901763604564,0.43285577896957,0.832429840875492,0.758735651763963,0.871054333416672,-20.6994420389342
0.885,1,0.360272309807248,0.943548387096774,0.293355620559967,0.887294225923944,0.774588451847887,0.887294225923944,0.990963096309631,0.429765094848394,0.830989412829519,0.757596884284575,0.870400416064109,-20.6729748810402
0.673,1,0.375236541131676,0.940860215053763,0.307152259763054,0.891658479478718,0.783316958957436,0.891658479478718,0.981908082274397,0.434225426577918,0.835984686615552,0.76457760277635,0.87440128246495,-20.8706235836749
0.69,1,0.340495386557747,0.951612903225806,0.288039056143206,0.88818123659722,0.776362473194439,0.88818123659722,0.964926071789523,0.433471213782847,0.834621424957241,0.762146486396225,0.873010015060666,-20.8010818771892
0.804,1,0.310901383957684,0.967391304347826,0.271031594975257,0.88736073266394,0.774721465327881,0.88736073266394,0.985922592259226,0.432754096750066,0.835540966501179,0.763511549065366,0.873791479167293,-21.0478712285265
0.941,1,0.335868835868836,0.959893048128342,0.282343688556823,0.88837513885725,0.7767502777145,0.88837513885725,0.978481848184819,0.431067570345169,0.83196379251691,0.759455830484523,0.871467630198921,-20.6163734179987
0.691,1,0.368783559718455,0.940700808625337,0.302426343154246,0.889994165065629,0.779988330131257,0.889994165065629,0.978421842184218,0.434614219266328,0.835772241506428,0.763903574281246,0.874015774618082,-20.9018564516352
0.929,1,0.354850680848577,0.941333333333333,0.296514069718606,0.886953509571559,0.773907019143118,0.886953509571559,0.988058805880588,0.435282238048464,0.835202366784664,0.763378811181181,0.873715520739549,-20.6539899043127
0.928,1,0.322673607883239,0.96,0.280373831775701,0.887161669367909,0.774323338735818,0.887161669367909,0.981983144268279,0.43425348949965,0.835735440433413,0.764750773600323,0.874500299371202,-20.690870573086
0.51,1,0.382251436551361,0.933333333333333,0.308778120864579,0.888582810073594,0.777165620147188,0.888582810073594,0.989966876361438,0.434582680388729,0.835857635683795,0.765179873448339,0.874745604989439,-20.7071163410817
0.935,1,0.389455431059706,0.935309973045822,0.303985983355234,0.888438545947896,0.776877091895792,0.888438545947896,0.994938478667781,0.430795620432267,0.829764021165517,0.755086255337462,0.86895699280083,-20.6429581564204
0.967,1,0.407216100397919,0.92722371967655,0.31244323342416,0.888343586908532,0.776687173817064,0.888343586908532,0.982646160510704,0.429396311609808,0.830317720824286,0.756266037602212,0.869635577470363,-20.6767741317599
0.29,0,0.364398006807734,0.941018766756032,0.300385109114249,0.888904607500246,0.777809215000492,0.888904607500246,0.989123879764067,0.433749027813023,0.83341216565657,0.76167804625612,0.872741683578893,-20.7335082000648
0.968,1,0.429653700306144,0.919137466307278,0.318840579710145,0.887337512258721,0.774675024517442,0.887337512258721,0.985745531794211,0.428437315750635,0.827486823956751,0.751848620412207,0.8670920484079,-20.5501581660647
0.841,1,0.333161512027491,0.959568733153639,0.286519114688129,0.890807749510315,0.781615499020629,0.890807749510315,0.98572752994002,0.432606100628154,0.833258551125073,0.759478452956564,0.871480609627411,-20.7708954805298
0.824,1,0.377460419185225,0.940540540540541,0.299741602067183,0.889079745872619,0.778159491745238,0.889079745872619,0.975382464398223,0.431748820222128,0.834069558905374,0.761772212991849,0.872795630713083,-20.8893373518581
0.81,1,0.382577895524967,0.929919137466307,0.307898259705489,0.88778345537283,0.77556691074566,0.88778345537283,0.995481521059153,0.432616247123602,0.835639347325254,0.763779226182328,0.873944635650524,-20.8962354694874
0.999,1,0.302178037789549,0.967741935483871,0.268456375838926,0.885166776610127,0.770333553220255,0.885166776610127,0.987374737473747,0.432105833643529,0.834643661546391,0.762579061724658,0.873257729267058,-20.803220437849
0.995,1,0.326009091406977,0.956989247311828,0.283778397768035,0.888344795755529,0.776689591511059,0.888344795755529,0.987821526622562,0.433104483853189,0.837781803404075,0.767880393128125,0.876287848328462,-20.9547930458648
0.998,1,0.333161512027491,0.956521739130435,0.277274517526585,0.886234157028538,0.772468314057076,0.886234157028538,0.982634263426343,0.425584521686293,0.8318767029285,0.759350222174035,0.871407035875907,-20.9400684079998
0.998,1,0.373200123200123,0.940379403794038,0.297343616109683,0.888340248234534,0.776680496469068,0.888340248234534,0.988043768512603,0.426529450414827,0.830242295921053,0.756514945851475,0.869778676360529,-20.8052125458366
0.994,1,0.385184403508824,0.934782608695652,0.30295024218406,0.888526472296025,0.77705294459205,0.888526472296025,0.97544247057886,0.426395877185538,0.831345087552168,0.758576534633151,0.87096299268864,-20.9197725798946
0.997,1,0.384756385349095,0.934782608695652,0.303618711385702,0.888779406330829,0.777558812661658,0.888779406330829,0.982670267026703,0.426927006199376,0.832694842938072,0.760237669660363,0.871916090951625,-20.9677726172785
0.347,0,0.38491663969892,0.941018766756032,0.30952380952381,0.892395450361726,0.784790900723451,0.892395450361726,0.98453940756341,0.433454413851278,0.833878199300367,0.761616331292099,0.872706325915023,-20.7317472425537
0.999,1,0.359761555208299,0.945652173913043,0.292191435768262,0.888539939025731,0.777079878051463,0.888539939025731,0.989366809153868,0.429594239469166,0.833314615733144,0.761194883204703,0.872464832073307,-20.9933665937652
0.999,1,0.347302562976785,0.948648648648649,0.293969849246231,0.889987584468005,0.779975168936011,0.889987584468005,0.976210549691012,0.432797964502061,0.836354375940212,0.765270539440159,0.874797427659775,-21.0001878944576
1,1,0.336586808636498,0.962162162162162,0.286865431103948,0.892241659852709,0.784483319705418,0.892241659852709,0.981863131907005,0.431163705699669,0.834330835684027,0.762223105266394,0.873053895968854,-20.9125794985198
0.999,1,0.322073186301108,0.956521739130435,0.277712031558185,0.886427232649613,0.772854465299226,0.886427232649613,0.986846684668467,0.430633931937466,0.83593641318299,0.764582962790921,0.874404347422244,-21.089184311897
0.999,1,0.376976194046013,0.937669376693767,0.300347222222222,0.888427846934071,0.776855693868142,0.888427846934071,0.983750375037504,0.428025852830438,0.831254192441463,0.758142966913128,0.870714055768671,-20.8459822185664
1,1,0.339003619587933,0.959349593495935,0.286291953093409,0.891121006645751,0.782242013291502,0.891121006645751,0.98625254278729,0.427957311640273,0.834415683975947,0.76344344577587,0.873752508308771,-20.9987161645882
1,1,0.348198352445302,0.948087431693989,0.282918874847126,0.886013765427082,0.772027530854163,0.886013765427082,0.991935096802269,0.427242691366587,0.832424686918892,0.759648861343332,0.871578373609242,-21.0600248184842
0.997,1,0.384175294053878,0.926430517711172,0.30008826125331,0.884342446956365,0.76868489391273,0.884342446956365,0.989531859012713,0.42588349755298,0.833944691854461,0.762818367787633,0.873394737668847,-21.0960178959461
0.999,1,0.371187791919499,0.934604904632153,0.297743055555556,0.886658923023351,0.773317846046703,0.886658923023351,0.983729324124812,0.428341000826162,0.833870991712279,0.761660702781155,0.872731747320536,-21.0624846358926
1,1,0.315358289248526,0.967479674796748,0.27514450867052,0.889135666513579,0.778271333027159,0.88913566651358,0.978223691728933,0.43121208155229,0.834976741775265,0.7631436792768,0.873580951759366,-20.9838825914741
0.928,1,0.377450354286409,0.938502673796791,0.304952215464813,0.889427485916416,0.778854971832831,0.889427485916416,0.978775750247146,0.432319719714819,0.832670227674005,0.75999863274633,0.871779004534022,-20.6216773342935
1,1,0.420030756370963,0.91869918699187,0.315055762081784,0.886272670419012,0.772545340838024,0.886272670419012,0.988175711192546,0.427276019998223,0.830831042917043,0.757747111994421,0.870486709832161,-20.8325249596418
1,1,0.38536494722759,0.940379403794038,0.303587051618548,0.890728217941153,0.781456435882306,0.890728217941153,0.991167116711671,0.428635723097718,0.831135697272991,0.757873749521294,0.870559446288014,-20.8341226995276
0.999,1,0.315205261060183,0.959239130434783,0.272692159134801,0.885085152261926,0.770170304523851,0.885085152261926,0.981995145504406,0.428669824402222,0.834318986504713,0.762624291096505,0.873283625803499,-21.028458358423
0.999,1,0.393942130047646,0.935483870967742,0.309746328437917,0.890488065201568,0.780976130403136,0.890488065201568,0.984125269694258,0.430913769348786,0.83275390674051,0.760394316656647,0.872005915494067,-20.7509613339117
0.998,1,0.356824629905334,0.940379403794038,0.291107382550336,0.885793830615902,0.771587661231804,0.885793830615902,0.987494749474948,0.428525083513657,0.832255349927613,0.759468971432801,0.871475169716729,-20.8862465122434
0.998,1,0.346685526093565,0.953929539295393,0.288879770209274,0.890140240200216,0.780280480400432,0.890140240200216,0.979417941794179,0.428615833796464,0.834305072315606,0.762958762688353,0.873475107079963,-20.9868147178821
1,1,0.387348718207679,0.926829268292683,0.305220883534137,0.886001155093518,0.772002310187036,0.886001155093518,0.982094209420942,0.427641057669472,0.833341978293381,0.761241247362033,0.872491402457372,-20.9373196558923
0.966,1,0.327614258885841,0.959349593495935,0.275808336579665,0.886392724712354,0.772785449424709,0.886392724712354,0.99002700270027,0.427400467567807,0.832021716366378,0.759228005399258,0.871336906942004,-20.8834117148197
0.999,1,0.37139893301719,0.932249322493225,0.300567933595457,0.886383718117691,0.772767436235382,0.886383718117691,0.991983198319832,0.428802351602587,0.835072623504107,0.764031175684384,0.874088768766871,-21.0177193316016
0.983,1,0.374032489249881,0.932249322493225,0.301754385964912,0.886815014521235,0.773630029042471,0.886815014521235,0.989303898305978,0.430854017201454,0.835083115713686,0.763334739778977,0.873690299693763,-20.9914522434292
0.99,1,0.356713088563333,0.954301075268817,0.291341813705375,0.890664597921684,0.781329195843367,0.890664597921684,0.984785432904021,0.430489548244642,0.830465383630303,0.756095165998287,0.869537328697444,-20.6340737023056
1,1,0.360034654774083,0.943243243243243,0.292417260159196,0.887208666156035,0.774417332312069,0.887208666156035,0.989186918691869,0.429277517517306,0.832641387367536,0.759896283164369,0.871720300993598,-20.8395347548847
0.999,1,0.391144836386838,0.937669376693767,0.307555555555556,0.891144638746721,0.782289277493443,0.891144638746722,0.994959495949595,0.430839121611988,0.832567698531918,0.759423241209891,0.871448932072265,-20.8787631052312
0.992,1,0.346476299569083,0.951219512195122,0.292743953294412,0.890682131844094,0.781364263688188,0.890682131844094,0.990248966408266,0.432637033026677,0.837265884158528,0.767051652282048,0.875814850457588,-21.0985354135571
0.973,1,0.370635776486822,0.948648648648649,0.303370786516854,0.89369875493471,0.78739750986942,0.89369875493471,0.987203681983687,0.431273246316137,0.835090981085237,0.763007528070516,0.873503021214304,-20.9268931166002
0.899,1,0.335901623622065,0.959568733153639,0.286981056025796,0.891019184390585,0.782038368781169,0.891019184390584,0.983924295993088,0.433592426818222,0.835351979141429,0.763293784475017,0.873666861266362,-20.8823186914898
0.954,1,0.372449737840184,0.935828877005348,0.307017543859649,0.889137605776874,0.778275211553748,0.889137605776874,0.992979255818992,0.435750404002271,0.837276209854198,0.76649625432169,0.875497718056244,-20.8024392086668
0.913,1,0.333160978972768,0.962162162162162,0.281422924901186,0.889831713352199,0.779663426704398,0.889831713352199,0.983246324632463,0.433441252241681,0.834654796493774,0.761852884292073,0.872841843802228,-20.9060486467068
0.739,1,0.334125560038339,0.951871657754011,0.284004786597527,0.886015780298926,0.772031560597852,0.886015780298926,0.987662766276628,0.433718135456698,0.834975422667041,0.76326004474751,0.873647551789342,-20.7205769208049
0.553,1,0.363326005216438,0.949197860962567,0.298570227081581,0.891147513477235,0.78229502695447,0.891147513477235,0.991953147051444,0.433277947643023,0.832588992721709,0.759659576608886,0.87158452063405,-20.6160878421557
0.701,1,0.375316553667069,0.935828877005348,0.301334481274214,0.886993385871095,0.77398677174219,0.886993385871095,0.990783078307831,0.433655028762052,0.83289178905321,0.759804589050531,0.871667705637034,-20.6202141663321
0.967,1,0.35883349809349,0.948924731182796,0.293189368770764,0.889307538633292,0.778615077266585,0.889307538633292,0.976456433790834,0.430340655729263,0.831922534591556,0.75894113488734,0.871172276238942,-20.7073560215435
0.814,1,0.328868304181376,0.956989247311828,0.278996865203762,0.886233622138463,0.772467244276926,0.886233622138463,0.978004734492054,0.429638007706201,0.833654548620363,0.762017055636757,0.872935882889893,-20.8014705930448
0.751,1,0.380099437202928,0.940860215053763,0.303819444444444,0.890401778914984,0.780803557829967,0.890401778914984,0.988895856277647,0.433102203415334,0.832968125588479,0.759904314021569,0.871724907308245,-20.7389847442894
0.956,1,0.360931851653501,0.943548387096774,0.294216261525566,0.887631307492933,0.775262614985865,0.887631307492933,0.988766876687669,0.430801782076975,0.833424549824627,0.761074728263211,0.872395969880198,-20.7683814013605
0.875,1,0.347287820237584,0.948787061994609,0.291390728476821,0.888750066812764,0.777500133625528,0.888750066812764,0.988646864686469,0.429443569138109,0.834682053560623,0.763181127487252,0.873602385234411,-20.8873057798563
0.964,1,0.37730627042921,0.932614555256065,0.300216919739696,0.88596729988848,0.771934599776959,0.88596729988848,0.988577823520272,0.428427451303996,0.832627857417902,0.760994521603962,0.872349999486423,-20.8225477037403
0.954,1,0.341948085874418,0.956756756756757,0.290401968826907,0.891672591247662,0.783345182495324,0.891672591247662,0.987554755475548,0.432488071026291,0.835942109643156,0.764781475210967,0.874517852997277,-20.9881922344666
0.903,1,0.374628834400786,0.935135135135135,0.302183406113537,0.887927818528911,0.775855637057823,0.887927818528911,0.986156532610209,0.431568242619164,0.835053434643423,0.76357150034879,0.873825783751424,-20.9492826819155
0.388,1,0.348268337014205,0.946236559139785,0.294683968187526,0.888865673558355,0.77773134711671,0.888865673558355,0.983450345034504,0.432990359085243,0.836797612801699,0.766391809607767,0.87543806725991,-20.9184041411978
0.996,1,0.365479839341799,0.938172043010753,0.29778156996587,0.886958706456292,0.773917412912585,0.886958706456292,0.994695437734306,0.432690075065083,0.834531190089756,0.762442173487233,0.87317934783596,-20.8054466178849
0.999,1,0.38916294218334,0.934782608695652,0.308520179372197,0.890553887866757,0.781107775733514,0.890553887866757,0.982526147789353,0.430845249689252,0.83368492872902,0.760432248649661,0.872027665071275,-20.9610140029781
0.999,1,0.382635938323853,0.929155313351499,0.3047363717605,0.887132829787715,0.77426565957543,0.887132829787715,0.992142190650102,0.429225401554735,0.834984500347981,0.763637452694345,0.873863520633711,-21.1093543204575
0.946,1,0.356921944035346,0.954177897574124,0.291838417147568,0.891049495069308,0.782098990138616,0.891049495069308,0.990089979272321,0.429835256055589,0.832338668976199,0.759389414178067,0.871429523356919,-20.7806070519999
0.969,1,0.371162578176314,0.937158469945355,0.296456352636128,0.887354538616402,0.774709077232805,0.887354538616402,0.97635456452454,0.425384069046293,0.831776666164916,0.758871245035304,0.871132162783182,-21.031231300571
0.991,1,0.36944120713979,0.942622950819672,0.292745014849385,0.888003448281584,0.776006896563168,0.888003448281584,0.981335077517401,0.425391727693544,0.829050091691569,0.754931582719707,0.868867989236401,-20.9147968549365
0.992,1,0.293586557946541,0.975935828877005,0.268283719220875,0.887704863042307,0.775409726084614,0.887704863042307,0.981340854308659,0.434503175106724,0.836625732920323,0.765718156642178,0.875053230747809,-20.7966623030009
0.903,1,0.335058240728344,0.957219251336898,0.28836085380588,0.89000523340046,0.78001046680092,0.89000523340046,0.975301530153015,0.433000870052235,0.834658768241241,0.762847916216754,0.873411653355251,-20.7088487168787
0.998,1,0.333159902878946,0.962566844919786,0.28324154209284,0.889803964860217,0.779607929720434,0.889803964860217,0.993672348256342,0.431070245218662,0.831904101748118,0.7590678169838,0.87124498103794,-20.6033027125944
1,1,0.320894120247569,0.96524064171123,0.280715396578538,0.889673548947094,0.779347097894189,0.889673548947094,0.967932793279328,0.432274494467987,0.834515217615221,0.763130725331878,0.873573537449411,-20.7189343293923
0.463,1,0.360925545278063,0.943850267379679,0.296140939597315,0.888085829905181,0.776171659810361,0.888085829905181,0.991239123912391,0.43241649677661,0.832970837514155,0.759969143170602,0.871762090923092,-20.6289547321118
0.853,1,0.379545882796307,0.940700808625337,0.303346371142981,0.89033218384501,0.78066436769002,0.89033218384501,0.988235788290642,0.430057314666468,0.832798928887115,0.760074927847546,0.871822761716822,-20.7879937832634
0.911,1,0.308251465012065,0.967654986522911,0.270637014700339,0.88649982851806,0.772999657036121,0.88649982851806,0.980833968418309,0.430310808860584,0.836175788374548,0.765931472976069,0.875175109892911,-20.95587508572
0.959,1,0.358294392523364,0.943396226415094,0.295234078447912,0.888196088916049,0.776392177832098,0.888196088916049,0.986813641809548,0.430646426226483,0.834430365857817,0.762406275970855,0.873158791956454,-20.8568753506366
0.996,1,0.365708382526564,0.938172043010753,0.298929336188437,0.887455432794067,0.774910865588135,0.887455432794067,0.982565099635659,0.428782272391808,0.834421294699756,0.763491962117744,0.873780271073766,-20.8457174736263
0.41,1,0.367443109277311,0.946091644204852,0.296828752642706,0.889889632204663,0.779779264409326,0.889889632204663,0.986366636663666,0.430432582132785,0.832460738253048,0.759875880926748,0.871708598630728,-20.7822879864873
0.749,1,0.345909232116129,0.948787061994609,0.286644951140065,0.886682224184874,0.773364448369748,0.886682224184874,0.988874887488749,0.430023659759858,0.833773731261682,0.76086816393715,0.872277572758322,-20.8107323612059
0.775,1,0.344197033928546,0.956873315363881,0.287449392712551,0.890168614357718,0.780337228715435,0.890168614357718,0.976597659765977,0.428966428835229,0.832893544263097,0.76076230059089,0.872216888503593,-20.8076977262696
0.743,1,0.368546853170395,0.946091644204852,0.297079983072366,0.889982448949966,0.779964897899932,0.889982448949966,0.983258225389592,0.42781613813403,0.830915554076995,0.758260464778247,0.87078152528533,-20.7339401887658
0.586,1,0.383976463283527,0.93800539083558,0.304328815041539,0.889618329277652,0.779236658555304,0.889618329277652,0.983630363036304,0.429419954232165,0.831850055407263,0.758383579087075,0.870852214263175,-20.7333864483406
0.797,1,0.361449619041346,0.940217391304348,0.291613990729035,0.886185182904299,0.772370365808597,0.886185182904298,0.989099877291812,0.428960668903057,0.833738410471291,0.761085037954821,0.872401878697439,-20.9922581101167
0.84,1,0.385523509122266,0.934782608695652,0.300962379702537,0.887767670191614,0.775535340383228,0.887767670191614,0.980359918168974,0.427677968755737,0.831741631336939,0.758210044724864,0.870752573768728,-20.9091825140598
0.778,1,0.374635909668942,0.934782608695652,0.292517006802721,0.884428940932205,0.76885788186441,0.884428940932205,0.991209068179071,0.425943013974004,0.829647390877118,0.755077816306735,0.868952136948137,-20.8186738686442
0.849,1,0.388637030516432,0.932065217391304,0.300218818380744,0.886417029535308,0.772834059070616,0.886417029535308,0.987218721872187,0.426527084437187,0.82993508394052,0.755212651729399,0.869029718553629,-20.8246194270291
0.777,1,0.346375289530852,0.96195652173913,0.282973621103118,0.89093374447944,0.78186748895888,0.89093374447944,0.985295485439435,0.427360427543099,0.829928963511774,0.755074300437994,0.86895011389492,-20.8185722743559
0.353,0,0.385005932679698,0.935828877005348,0.306077831219939,0.888839258901338,0.777678517802676,0.888839258901338,0.989039871111176,0.431558312243138,0.832190801256276,0.759815817596801,0.871674146454282,-20.6266197226978
0.744,1,0.339979079497908,0.953804347826087,0.28001595532509,0.886462113215016,0.772924226430032,0.886462113215016,0.97618947610204,0.425850035232862,0.832018729746433,0.75930254372706,0.87137967828442,-20.9428117482809
0.817,1,0.361636187796729,0.945652173913043,0.293299620733249,0.889012227573618,0.778024455147237,0.889012227573618,0.981767122017986,0.429319010936606,0.833981528288877,0.760860170009465,0.872272990530754,-20.9878250312882
0.83,1,0.399321799270093,0.934782608695652,0.303886925795053,0.88888057994475,0.777761159889501,0.88888057994475,0.986138613861386,0.427359552709869,0.828656672226451,0.753243001104407,0.867895731700765,-20.7656551815047
0.82,1,0.352098004694836,0.956521739130435,0.287229702162383,0.890686246475063,0.781372492950125,0.890686246475063,0.978841757243889,0.427796018123512,0.83192182891482,0.758452229190798,0.870891628844139,-20.9141225046382
0.825,1,0.376840660872366,0.945652173913043,0.299870745368376,0.891626046482981,0.783252092965963,0.891626046482981,0.987734773477348,0.428787826607034,0.832098299802669,0.758559606932442,0.870953274827325,-20.9172249926975
0.661,1,0.354520245794484,0.948369565217391,0.286535303776683,0.887226061443176,0.774452122886351,0.887226061443176,0.978301830183018,0.426214123401331,0.830997350096119,0.757195637337451,0.870169889928082,-20.879870271695
0.798,1,0.364883685914327,0.942934782608696,0.291964661337821,0.88739211813559,0.774784236271181,0.88739211813559,0.992043108899632,0.42624747557739,0.831222344926976,0.757762263676344,0.870495412783057,-20.8962434653271
0.686,1,0.361053480866759,0.938502673796791,0.298850574712644,0.88710667326663,0.774213346533261,0.88710667326663,0.992886224638702,0.433184607022937,0.83457297253586,0.762817680503011,0.873394344212859,-20.7161350742449
0.511,1,0.361351597653358,0.938502673796791,0.295081967213115,0.885580758185324,0.771161516370648,0.885580758185324,0.994071407140714,0.43203810651696,0.831940566710802,0.758639665380786,0.870999233857749,-20.5951684735796
0.795,1,0.352365871833085,0.948509485094851,0.294985250737463,0.890609551893031,0.781219103786062,0.890609551893031,0.975445397229666,0.429491070193358,0.836072904707655,0.765622972839585,0.874998841621853,-21.0739513061402
0.709,1,0.370693465466304,0.938502673796791,0.303896103896104,0.889079359154339,0.778158718308678,0.889079359154339,0.987743737609419,0.433166265162792,0.835180114888226,0.763825116648673,0.873970890046501,-20.7448150851794
0.797,1,0.317176530702924,0.959459459459459,0.279747832939322,0.8880436773377,0.7760873546754,0.8880436773377,0.989315899542105,0.431228605811198,0.838562972909172,0.769272442020639,0.877081776130732,-21.1235403928098
0.832,1,0.328506293924161,0.959459459459459,0.276264591439689,0.886425390698679,0.772850781397358,0.886425390698679,0.980605944247743,0.429506726721055,0.832625592806795,0.760140506310998,0.871860370879993,-20.8609146473638
0.75,1,0.347424263576714,0.948648648648649,0.295454545454545,0.890620096122827,0.781240192245654,0.890620096122827,0.983309280860354,0.433126327185329,0.838673757386488,0.768861590248396,0.876847529647199,-21.1096495945918
0.793,1,0.401978965862229,0.927027027027027,0.313385107354957,0.88886249186674,0.777724983733481,0.88886249186674,0.980152955758854,0.430635215322678,0.83376195661566,0.761550202778815,0.872668438055837,-20.8994008098262
0.815,1,0.330271092669433,0.959459459459459,0.282755874153724,0.889399970474217,0.778799940948434,0.889399970474217,0.991335133513351,0.430738111679019,0.83582526970737,0.764651868315542,0.874443747942394,-20.9885933758828
0.787,1,0.345154508366951,0.943699731903485,0.291270169631775,0.886291613524558,0.772583227049116,0.886291613524558,0.986270627062706,0.431391733516699,0.835154577712209,0.764142642693408,0.874152528277193,-20.8140609206934
0.943,1,0.383244105880177,0.951086956521739,0.309187279151943,0.897360005013171,0.794720010026341,0.897360005013171,0.983753326597067,0.432224152516704,0.834469754663156,0.762137091055478,0.873004634040094,-21.0288626243609
0.925,1,0.405282996984458,0.932065217391304,0.31281349749202,0.891085708725995,0.78217141745199,0.891085708725995,0.968877607698483,0.429704238953659,0.830840972689028,0.756774266298899,0.869927736251063,-20.8738551706788
0.946,1,0.336174397143808,0.962162162162162,0.280867850098619,0.889578804905057,0.779157609810114,0.889578804905057,0.987722772277228,0.428112612592745,0.831717519504941,0.758947859505339,0.871176135752891,-20.822518590432
0.939,1,0.383131184793803,0.935135135135135,0.308515381185912,0.890337140701292,0.780674281402584,0.890337140701292,0.985130513051305,0.430985095820157,0.835956061488318,0.764970486925383,0.87462591256227,-20.9977556827366
0.825,1,0.353396266590957,0.949197860962567,0.287915652879156,0.88672964679047,0.77345929358094,0.88672964679047,0.985826582658266,0.430146099250159,0.8314923094727,0.758317067876108,0.870814025998725,-20.585985527076
0.952,1,0.369028961304044,0.943243243243243,0.297274275979557,0.889224049542714,0.778448099085428,0.889224049542714,0.993771377137714,0.430147604814103,0.832821742770688,0.760402181831793,0.872010425299946,-20.8643356607459
0.332,1,0.32957719654647,0.956989247311828,0.287444489301574,0.890000391719059,0.780000783438118,0.890000391719059,0.974104332750657,0.432997092035783,0.835385384315628,0.764580054933857,0.874402684656135,-20.8686413168055
0.416,1,0.348088578088578,0.940860215053763,0.298253089049851,0.888218228542768,0.776436457085535,0.888218228542768,0.986114528157737,0.434825728201991,0.838486842066273,0.769087688381723,0.876976446879688,-20.9996338819718
0.346,1,0.335113537914368,0.962365591397849,0.290938642828119,0.89360817260877,0.78721634521754,0.89360817260877,0.967839108745593,0.434060037071232,0.835084272271147,0.763634192920055,0.873861655481035,-20.8436374912532
0.189,0,0.358793208004851,0.946236559139785,0.302275654787462,0.891901803504717,0.783803607009434,0.891901803504717,0.982898289828983,0.43434692492455,0.836638452907682,0.765695165104075,0.875040093426624,-20.898480473456
0.46,1,0.34254047418941,0.959677419354839,0.290243902439024,0.892246360724884,0.784492721449769,0.892246360724884,0.98938790695887,0.432138744849616,0.834141382451678,0.76235446729331,0.873129124066601,-20.8029382666996
0.449,1,0.34899440212373,0.951612903225806,0.294019933554817,0.890710832873654,0.781421665747308,0.890710832873654,0.987587572681975,0.432585458693214,0.833975239075254,0.762445024999268,0.873180980667392,-20.8096215275643
0.471,1,0.302220286181953,0.973118279569892,0.273517189270873,0.889757196661781,0.779514393323561,0.889757196661781,0.962658041769757,0.432509597651619,0.83678450364748,0.766835360101816,0.87569136121228,-20.9310894528931
0.458,1,0.31228079040293,0.962365591397849,0.280125195618153,0.888783240997984,0.777566481995967,0.888783240997984,0.987386738673868,0.435811907677514,0.838128817349511,0.768383504760601,0.87657487116652,-20.9753655788575
0.444,1,0.312142150951186,0.96505376344086,0.27647285329226,0.888122348683903,0.776244697367805,0.888122348683903,0.98675051612886,0.431728171178883,0.83386331592425,0.761946692897309,0.872895579606925,-20.7953668151819
0.834,1,0.368131468937921,0.941018766756032,0.303764604067503,0.890203746296749,0.780407492593498,0.890203746296749,0.982082208220822,0.434541884642686,0.83571770503103,0.764364770961344,0.874279572540354,-20.806077819397
0.584,1,0.378308360173645,0.933155080213904,0.303742384682332,0.886887194023163,0.773774388046326,0.886887194023163,0.987089670240477,0.430988698039423,0.832448439201418,0.760043707863892,0.871804856526902,-20.6310768661356
0.656,1,0.377371047250805,0.938502673796791,0.304291287386216,0.889214910712015,0.77842982142403,0.889214910712015,0.988307725582119,0.431989286151951,0.833126337343735,0.761076561276426,0.872397020442198,-20.6625042403606
0.694,1,0.327572377857791,0.962566844919786,0.280811232449298,0.888700198742398,0.777400397484797,0.888700198742398,0.982070207020702,0.433836737350757,0.834646032620743,0.763181371193306,0.873602524717795,-20.7224133954568
0.698,1,0.343336231524034,0.951871657754011,0.290612244897959,0.888917716967666,0.777835433935332,0.888917716967666,0.99347130797653,0.433634170643625,0.83574608472968,0.76458377168441,0.874404809961845,-20.7623298876088
0.793,1,0.398267147415514,0.933155080213904,0.316696914700545,0.891643316265624,0.783286632531248,0.891643316265624,0.978907764240632,0.433236134709412,0.834953849670816,0.763206766707541,0.873617059533261,-20.721098490249
0.85,1,0.341101315878764,0.959893048128342,0.288469264764966,0.891098112811388,0.782196225622777,0.891098112811388,0.988079772220986,0.431992054977687,0.833893410394416,0.76212638848428,0.872998504285248,-20.6903505948977
0.764,1,0.385070660063188,0.935828877005348,0.306614104248795,0.889073536307873,0.778147072615745,0.889073536307872,0.991311131113111,0.432192608293779,0.833648792713476,0.761653302180443,0.872727507404484,-20.6870543667572
0.164,0,0.403725416765339,0.932975871313673,0.314647377938517,0.891032470069792,0.782064940139584,0.891032470069792,0.991539153915391,0.432050723168993,0.832143123288303,0.759515855668489,0.871502068654165,-20.6657128564047
0.052,0,0.365413350571728,0.946380697050938,0.301709401709402,0.891518452968339,0.783036905936679,0.891518452968339,0.984986498649865,0.434521874909786,0.834921013345758,0.763042379539596,0.873522970241537,-20.7683521531368
0.035,0,0.350018268176836,0.954423592493298,0.293366295838484,0.89128062215758,0.78256124431516,0.89128062215758,0.979102847597709,0.432590197488146,0.834346654306356,0.763116731141776,0.873565527674814,-20.7684303091789
0.949,1,0.368461633358006,0.941018766756032,0.300385109114249,0.888888089986659,0.777776179973318,0.888888089986659,0.987449707324298,0.43145364492917,0.83319484074434,0.761486162971308,0.872631745337807,-20.7239558375541
0.303,0,0.382532491967465,0.943699731903485,0.303710094909405,0.891224296562128,0.782448593124256,0.891224296562128,0.990858058384473,0.430068216188793,0.829652467946155,0.756052573448013,0.86951283685062,-20.5648962846158
0.292,0,0.39441264886114,0.938337801608579,0.311249444197421,0.891934362895594,0.783868725791188,0.891934362895594,0.990591059105911,0.432536788201013,0.833110195644494,0.761509882982412,0.872645336309324,-20.7205551874956
0.409,1,0.383849505347436,0.941333333333333,0.306423611111111,0.890933792033458,0.781867584066916,0.890933792033458,0.99021902190219,0.432533369650469,0.831880292499153,0.759052804539092,0.871236365482463,-20.5514907123241
0.84,1,0.373246439506728,0.942934782608696,0.296707994869602,0.889297790009064,0.778595580018127,0.889297790009064,0.993399339933993,0.427890256489942,0.830699799261464,0.755926124084616,0.869440121046076,-20.8390839107006
0.875,1,0.320615642282271,0.96195652173913,0.275700934579439,0.887557208237986,0.775114416475973,0.887557208237986,0.97498919886048,0.430228625306042,0.835797179031155,0.763963813611695,0.874050235176271,-21.0671505641271
0.841,1,0.33790103379848,0.96195652173913,0.276995305164319,0.888164495687379,0.776328991374758,0.888164495687379,0.986315590510262,0.427227302650351,0.830478144711379,0.756038772704952,0.869504900909105,-20.8382351786075
0.976,1,0.412580915847519,0.924119241192412,0.313131313131313,0.88777564124189,0.775551282483779,0.88777564124189,0.984392252003109,0.427830203061392,0.831190440278434,0.758109191093564,0.870694660080997,-20.8450089641991
0.761,1,0.438707938707939,0.911290322580645,0.328966521106259,0.887332237497184,0.774664474994368,0.887332237497184,0.980882088208821,0.432199368946497,0.834483994243582,0.7627583491807,0.873360377610926,-20.814489077032
0.945,1,0.345237584928307,0.956989247311828,0.29120654396728,0.891619497163301,0.783238994326602,0.891619497163301,0.984599413744047,0.432451775884314,0.83331717017606,0.760630927556614,0.872141575408841,-20.7556877423956
0.903,1,0.37923156970505,0.935309973045822,0.301084598698482,0.887341221340725,0.77468244268145,0.887341221340725,0.985475503981345,0.429017340529721,0.833372891537238,0.761500069902933,0.872639713686544,-20.8308959828208
0.955,1,0.36220541630654,0.936,0.300128259940145,0.886378706608643,0.772757413217286,0.886378706608643,0.98733561962253,0.433275009091215,0.835712975534104,0.76491609489891,0.874594817557771,-20.7138911545981
0.883,1,0.355935315398635,0.956639566395664,0.296763345943674,0.894514401850472,0.789028803700944,0.894514401850472,0.99033903390339,0.431180749653008,0.834351339276926,0.762606515039109,0.873273448032808,-20.9849189210251
0.85,1,0.346444478824842,0.959459459459459,0.292181069958848,0.893496672881662,0.786993345763324,0.893496672881662,0.983600163289116,0.431769863966856,0.835266367406085,0.763877628384585,0.874000931569632,-20.9663290648641
0.578,1,0.394036385323249,0.92972972972973,0.309074573225517,0.888377612740219,0.776755225480438,0.888377612740219,0.993969360770135,0.428873138122984,0.83365382791854,0.761533722321072,0.872658995439268,-20.8948162608222
0.987,1,0.377512438101467,0.948228882833787,0.298969072164948,0.892493148025537,0.784986296051073,0.892493148025537,0.972940212846302,0.426441477369494,0.831828366047028,0.758807497932224,0.871095573362776,-20.9757083901477
1,1,0.3819283626417,0.931880108991826,0.302788844621514,0.887514634540438,0.775029269080876,0.887514634540438,0.983939345757041,0.427329705281997,0.832910363356535,0.760167886599561,0.871876072959661,-21.0171748441856
0.998,1,0.381065772260417,0.94550408719346,0.301476976542137,0.89239580434969,0.784791608699381,0.89239580434969,0.986648584767747,0.428641342994122,0.83270310704068,0.759607589811354,0.871554696970508,-20.9988797292146
0.873,1,0.3401257854768,0.959128065395095,0.282051282051282,0.889643984119469,0.779287968238937,0.889643984119469,0.975841439210123,0.427665092294592,0.832419990540926,0.759132902716479,0.871282332379395,-20.9851323885492
0.916,1,0.362166765515458,0.94550408719346,0.293943244387971,0.889427142250985,0.77885428450197,0.889427142250985,0.994923492349235,0.429038208197979,0.834997391453558,0.763163595005429,0.873592350587749,-21.1060178475791
0.851,1,0.374871663244353,0.940860215053763,0.307827616534741,0.891903493481142,0.783806986962284,0.891903493481142,0.989222922292229,0.436440789261639,0.837037565651792,0.765388328017259,0.874864748413867,-20.8917596731278
0.928,1,0.351842156292418,0.948509485094851,0.287947346770876,0.887650129030631,0.775300258061261,0.887650129030631,0.99290426914419,0.427419295447681,0.831977309552867,0.759072786989795,0.871247833276959,-20.8789378172082
0.935,1,0.36725607110676,0.940379403794038,0.292580101180438,0.886417949570026,0.772835899140052,0.886417949570026,0.986243500581511,0.426980491917051,0.831407303066114,0.758336741036141,0.870825321770182,-20.8577225873559
0.956,1,0.363540870893812,0.938337801608579,0.296108291032149,0.886130746771297,0.772261493542594,0.886130746771297,0.991872114100612,0.431796013396629,0.833536136463482,0.761463961017007,0.872619023982979,-20.7233224520795
0.949,1,0.398845032146881,0.937837837837838,0.309821428571429,0.891828414768281,0.783656829536562,0.891828414768281,0.977014632511546,0.431231775490466,0.832611872943463,0.759633962874499,0.871569826734783,-20.8278952601632
0.969,1,0.36033374522123,0.940054495912807,0.293242668933277,0.886997496893865,0.773994993787731,0.886997496893865,0.973690290104263,0.429230734140915,0.834758155721833,0.762635379476083,0.873289974450688,-21.0886422437521
1,1,0.384164898488563,0.929155313351499,0.303921568627451,0.886844863153482,0.773689726306964,0.886844863153482,0.984902490249025,0.430329967822248,0.835021992543021,0.763222007976517,0.873625782573132,-21.1014795884511
0.907,1,0.392646076365692,0.934426229508197,0.303057155516172,0.888846222110164,0.777692444220329,0.888846222110164,0.986891649844376,0.426878242453584,0.830971548565258,0.757247850848436,0.870199891317183,-20.9903000366776
0.825,1,0.38677292515496,0.942622950819672,0.3,0.890912770694192,0.781825541388383,0.890912770694192,0.992970275942891,0.427343809577296,0.83001645588532,0.755305358718922,0.869083056283415,-20.9318296753939
0.997,1,0.407987801466062,0.929155313351499,0.313996316758748,0.890488587849838,0.780977175699677,0.890488587849838,0.991623162316232,0.428421569474404,0.831947205105944,0.759035470908774,0.871226417705968,-20.9802453177121
0.995,1,0.368365825371403,0.940054495912807,0.293742017879949,0.887191502586501,0.774383005173003,0.887191502586501,0.988427808068679,0.428923704826768,0.8325552451971,0.760107375637267,0.871841370684637,-21.0133539504073
0.451,1,0.377043852125175,0.946236559139785,0.303579128934886,0.892407825162444,0.784815650324888,0.892407825162444,0.981455089878675,0.431718997478756,0.833513040735104,0.761229150064955,0.872484469813048,-20.7707547836705
0.946,1,0.374641593896273,0.940054495912807,0.298442906574394,0.889063782720091,0.778127565440182,0.889063782720091,0.981593104094139,0.4299766366307,0.833693206985248,0.761017016885528,0.872362892886629,-21.0396979320705
0.84,1,0.373510004257131,0.942779291553134,0.301393728222997,0.891294523331718,0.782589046663435,0.891294523331718,0.988352695573074,0.428900270036968,0.833591909784338,0.760877540090856,0.872282947265883,-21.0377289418686
0.632,1,0.401965610656982,0.929155313351499,0.310140973169623,0.889137462383096,0.778274924766192,0.889137462383096,0.983900293448818,0.427639003877135,0.834312543437469,0.763205164682354,0.873616142640664,-21.105145256746
0.431,1,0.342820135253054,0.952,0.290480065093572,0.88864298005871,0.777285960117421,0.88864298005871,0.986546573954599,0.432883141768907,0.835653925848933,0.76492152178215,0.874597920065072,-20.7099715047455
0.14,0,0.351701724784939,0.951482479784367,0.298772746508675,0.892821073950668,0.785642147901335,0.892821073950668,0.988562856285629,0.43528112992673,0.837000591371181,0.765946269182074,0.875183563135228,-20.9645457663708
0.059,0,0.383976463283527,0.940540540540541,0.304595185995624,0.891000743762783,0.782001487525567,0.891000743762783,0.989885958258156,0.433063699318066,0.831688467250247,0.757699095227312,0.870459128981546,-20.7845670976062
0.443,1,0.426246899972444,0.916216216216216,0.320719016083254,0.887033644328262,0.774067288656524,0.887033644328262,0.993783378337834,0.432595540953901,0.835035264925609,0.763832555833197,0.873975146004277,-20.9609099030167
0.836,1,0.394992803751335,0.940217391304348,0.312980551786522,0.894364919088725,0.78872983817745,0.894364919088725,0.991962172108192,0.435253873773506,0.836518202024494,0.764979257650666,0.874630926534539,-21.1006334686593
0.876,1,0.328589488422685,0.959239130434783,0.282739287144574,0.889759213061957,0.779518426123914,0.889759213061957,0.988094809480948,0.431950902557159,0.836472324628125,0.76551317248099,0.874936096227028,-21.1160585352222
0.781,1,0.330594058291548,0.967391304347826,0.284118116520351,0.893559081612456,0.787118163224913,0.893559081612456,0.991134086815403,0.432601700293894,0.835118049215099,0.763468006944477,0.873766563187489,-21.0631879750949
0.274,0,0.348881191272496,0.951612903225806,0.290282902829028,0.889124941644277,0.778249883288553,0.889124941644277,0.990795079507951,0.432136064880721,0.834269452758471,0.762549902050769,0.873241033192308,-20.8085275983489
0.615,1,0.398834611640378,0.940379403794038,0.314739229024943,0.894827823164354,0.789655646328707,0.894827823164354,0.988844817568463,0.434927634940666,0.83449177919083,0.761802666738505,0.872813076631248,-20.9473136639211
0.637,1,0.347404293720908,0.949197860962567,0.29399585921325,0.889249127909652,0.778498255819305,0.889249127909652,0.983234222845322,0.434173843839878,0.836061729606745,0.765122152109233,0.874712611152505,-20.765396698974
0.76,1,0.384940754876073,0.935483870967742,0.308510638297872,0.889993403392354,0.779986806784709,0.889993403392355,0.995379537953796,0.432646549785354,0.833597709125843,0.76101506105694,0.872361771891077,-20.7585034333641
0.618,1,0.392024377318495,0.932795698924731,0.308718861209964,0.889003640108245,0.778007280216491,0.889003640108245,0.987164562502084,0.4315763833445,0.832189180023587,0.759143772463996,0.871288570144241,-20.7050006298613
0.694,1,0.401549599138447,0.927807486631016,0.317039744175423,0.889582155628185,0.779164311256371,0.889582155628185,0.982757223998495,0.434176287015606,0.835407179243484,0.763916642768909,0.874023250702697,-20.7290639980974
0.762,1,0.353510756825674,0.940700808625337,0.29327731092437,0.886359309392612,0.772718618785224,0.886359309392612,0.985892504623238,0.430367944948031,0.835110265907856,0.763530285031942,0.873802200175728,-20.8932090188402
0.849,1,0.386038011695906,0.93800539083558,0.305799648506151,0.890223096146387,0.780446192292775,0.890223096146387,0.990789023654343,0.431568493247987,0.833562953895603,0.761212453813677,0.872474901537962,-20.8267483108282
0.799,1,0.363376423597992,0.946091644204852,0.298977853492334,0.890775026716876,0.781550053433753,0.890775026716876,0.988283793235151,0.431574577022106,0.834953571054184,0.763695139249984,0.87389652662657,-20.8979359929027
0.822,1,0.33755544866656,0.962264150943396,0.2856,0.891474111496794,0.782948222993588,0.891474111496794,0.985715528703893,0.43279293363827,0.833871368974264,0.760788799830129,0.872232079110903,-20.8146005998659
0.87,1,0.355580903771299,0.948787061994609,0.29260182876143,0.889238704039199,0.778477408078398,0.889238704039199,0.993978379777591,0.431743249211691,0.833833183285561,0.761615378612321,0.872705780095629,-20.8383016401571
0.676,1,0.397163334482362,0.935483870967742,0.307420494699647,0.889604283662009,0.779208567324017,0.889604283662009,0.984266332248937,0.429652235702464,0.830533569159742,0.756832316377085,0.869961100496502,-20.6429760327337
0.823,1,0.39252864333852,0.93800539083558,0.310022271714922,0.891799417061016,0.783598834122031,0.891799417061016,0.990615061506151,0.432123038863006,0.834327626735696,0.762165808615548,0.873021081426759,-20.8561359438123
0.923,1,0.376834246221631,0.935656836461126,0.302688638334779,0.887674587646614,0.775349175293228,0.887674587646614,0.996783659085807,0.433140945979059,0.834564565797781,0.762624400061197,0.873283688191413,-20.7564278816644
0.943,1,0.340712390283731,0.957104557640751,0.290125965054856,0.890968793695907,0.781937587391813,0.890968793695907,0.991095056093787,0.432988551489999,0.83460710239719,0.762826247721887,0.873399248752761,-20.7642284621614
0.673,1,0.384092776165179,0.932614555256065,0.304309586631486,0.887519705519946,0.775039411039892,0.887519705519946,0.991350109065695,0.429848383426332,0.832447585304571,0.759712860698161,0.871615087465884,-20.7817046282679
0.998,1,0.319937888198758,0.96505376344086,0.278186749321968,0.888960221797306,0.777920443594613,0.888960221797306,0.976045604560456,0.430946643111286,0.834311090794991,0.762754500066495,0.873358173985047,-20.8246165473318
0.998,1,0.339618887985914,0.956989247311828,0.286519114688129,0.889577619607331,0.779155239214662,0.889577619607331,0.98245719309531,0.432028504710952,0.834366025080194,0.762413155151631,0.87316273119713,-20.8025701161606
0.965,1,0.352146324198605,0.946524064171123,0.296234309623431,0.889144206394702,0.778288412789404,0.889144206394702,0.979705848837613,0.433728745294104,0.835874533309439,0.764242867842092,0.87420985343457,-20.7444647391777
0.985,1,0.331591323727017,0.962566844919786,0.283687943262411,0.889978634525892,0.779957269051783,0.889978634525892,0.986618661866187,0.432608286097945,0.83304740632201,0.760577123285186,0.872110728798348,-20.640165887838
0.895,1,0.351323344069458,0.941176470588235,0.294560669456067,0.886360658861642,0.772721317723283,0.886360658861642,0.99039903990399,0.432028449503895,0.835688329328392,0.76473750753284,0.874492714396661,-20.7564965525745
1,1,0.395458397308431,0.922043010752688,0.313671696387746,0.8865652585377,0.773130517075399,0.8865652585377,0.980164956994982,0.432270262531713,0.836257372026732,0.765503537001157,0.874930589819076,-20.9012195689725
0.17,0,0.374282961979297,0.946236559139785,0.302665520206363,0.892045405075965,0.784090810151931,0.892045405075965,0.985307486675562,0.432514336318229,0.832396378762233,0.759401997078122,0.871436743015878,-20.7164606562373
0.994,1,0.347574106740416,0.954301075268817,0.289914250714577,0.890040056048006,0.780080112096013,0.890040056048006,0.989003867402794,0.430590093918111,0.832539116144606,0.759997276210461,0.871778226506295,-20.7416441628094
0.887,1,0.310557380574442,0.967741935483871,0.272520817562453,0.88725994093364,0.77451988186728,0.88725994093364,0.985049460098823,0.431217555006444,0.834273512433834,0.762616068971675,0.873278918199492,-20.8186084923995
0.503,1,0.345672042259426,0.946091644204852,0.290683229813665,0.887393692182361,0.774787384364722,0.887393692182361,0.938241824182418,0.431409853797576,0.836076115661551,0.765740436165922,0.875065961037179,-20.9586432260943
0.445,1,0.345451878275217,0.948648648648649,0.29225645295587,0.88930510522661,0.778610210453221,0.88930510522661,0.964116196334167,0.433651795097701,0.838560154620723,0.768689474586032,0.876749379575504,-21.1047001771247
0.35,1,0.318960150731663,0.959459459459459,0.2824184566428,0.889248240755423,0.778496481510845,0.889248240755423,0.965715468697622,0.433477049616872,0.839341130899574,0.77050153930248,0.877782170759056,-21.1568085363294
0.443,1,0.307336358957563,0.959459459459459,0.273603082851638,0.885151538347978,0.770303076695956,0.885151538347978,0.977782711623698,0.432781654062702,0.839014951057724,0.770408481388222,0.877729161751062,-21.1541325307878
0.449,1,0.389585388811395,0.927027027027027,0.311252268602541,0.888096214575729,0.776192429151458,0.888096214575729,0.964449338286184,0.43246240174246,0.837784393497907,0.768351016787227,0.876556339767859,-21.0928936524639
0.462,1,0.307837508300323,0.964864864864865,0.273773006134969,0.887288274617561,0.774576549235123,0.887288274617561,0.934425442544254,0.431682495655475,0.835458244652549,0.764291888116364,0.87423788988831,-20.9761789008885
0.471,1,0.334133596949583,0.959459459459459,0.287216828478964,0.891390328435231,0.782780656870463,0.891390328435231,0.971662081198736,0.432560093626977,0.836500465012146,0.766094751749517,0.875268388409816,-21.0342206838304
0.456,1,0.374568487591875,0.943243243243243,0.305738063950942,0.892527862139473,0.785055724278947,0.892527862139473,0.959687726916329,0.432802396838446,0.836551856939399,0.765813790969551,0.875107873904441,-21.0240728933211
