"cont_pred";"bin_pred";"threshold";"Sens_train";"F1_train";"B.Accuracy_train";"TSS_train";"AUC_train";"NA";"NA";"NA";"NA";"NA";"NA"
0,992;1;0,426090097098168;0,863777089783282;0,17816091954023;0,803826184089859;0,607652368179718;0,803826184089859;0,975544481085942;0,280581422523975;0,756440813808899;0,66743650592349;0,816967873250527;-20,7682696226587
0,816;1;0,369792474923465;0,893416927899687;0,166910688140556;0,804494561288708;0,608989122577416;0,804494561288708;0,975274453273076;0,276005092107315;0,754773747318742;0,666433042303183;0,816353503271213;-21,0012664967205
0,926;1;0,426970125180205;0,863777089783282;0,179883945841393;0,805421527489779;0,610843054979558;0,805421527489779;0,989573926118844;0,280555973878457;0,757394248642373;0,66962038352017;0,818303356659479;-20,8519217046545
0,879;1;0,324199199199199;0,909937888198758;0,163004172461752;0,804250756763753;0,608501513527505;0,804250756763753;0,969672785332701;0,280150474995758;0,757794177767591;0,669603692615873;0,81829315811381;-20,9190983287197
0,869;1;0,356292336378012;0,894409937888199;0,166473988439306;0,803061736089558;0,606123472179115;0,803061736089558;0,977698569183642;0,277689405311308;0,755487788449648;0,667667914435306;0,817109487422161;-20,8557317243381
0,632;1;0,382132118801567;0,890965732087227;0,170339487790351;0,806402987378295;0,61280597475659;0,806402987378295;0,97227706138601;0,277881182403239;0,756440540312053;0,668521172009478;0,817631440203639;-20,955857037357
0,899;1;0,489964568989814;0,834890965732087;0,194062273714699;0,807587039994456;0,615174079988912;0,807587039994456;0,984029259229114;0,279307442891254;0,758631905921167;0,670798095575828;0,819022646558584;-21,0306367308071
0,916;1;0,321617429218257;0,909657320872274;0,163037409268565;0,804712369607944;0,609424739215888;0,804712369607944;0,984950495049505;0,28058344489699;0,760737148765546;0,672821936418287;0,82025723795544;-21,0950107634562
0,983;1;0,340281549390628;0,906832298136646;0,165673758865248;0,806202636374887;0,612405272749774;0,806202636374887;0,975637563756376;0,2787756873861;0,758331807193755;0,671303369113768;0,8193310497679;-20,9768188595535
0,991;1;0,401435584584576;0,884735202492212;0,1749307052664;0,80875781061194;0,61751562122388;0,80875781061194;0,975580484794324;0,278533522368917;0,755698373019657;0,667540019354271;0,817031222998406;-20,9174014864348
0,938;1;0,357775734299778;0,8875;0,16642250219748;0,801666034395549;0,603332068791098;0,801666034395549;0,970644888375641;0,278222208933971;0,758764612769611;0,670578927924947;0,818888837342986;-21,077468220926
0,991;1;0,36606323754822;0,899053627760252;0,166666666666667;0,806987613070819;0,613975226141638;0,806987613070819;0,972517251725173;0,27651674122485;0,757492917301199;0,668863712394324;0,817840884521142;-21,2163310092646
0,989;1;0,403326762803887;0,877742946708464;0,172254690864349;0,804728832990044;0,609457665980088;0,804728832990044;0,990263997196168;0,276685589980945;0,753500768393567;0,663312059321466;0,814439721109835;-20,9023863866562
0,988;1;0,336538733090457;0,906832298136646;0,164414414414414;0,804822177795816;0,609644355591633;0,804822177795816;0,977341734173417;0,279308165433352;0,758951384059916;0,671084393649169;0,819197408229035;-20,9675682399555
0,999;1;0,363221316221171;0,896875;0,166521612996809;0,804785502023267;0,609571004046535;0,804785502023268;0,983000198038688;0,27847464520211;0,754539468525579;0,664590700553322;0,815224325295389;-20,8803178274506
0,944;1;0,354850680848577;0,903426791277259;0,166379804934022;0,806291038531902;0,612582077063804;0,806291038531902;0,987806780678068;0,278347199194874;0,756673191467074;0,668845048910082;0,817829474224353;-20,9560867739167
0,978;1;0,32961697561802;0,909937888198758;0,162913539060328;0,804195357285748;0,608390714571495;0,804195357285748;0,98004200420042;0,278455806496259;0,754462345088829;0,665155582096652;0,815570709440115;-20,7796824747818
0,994;1;0,348235744459786;0,904458598726115;0,162193032552827;0,805340073262906;0,610680146525811;0,805340073262906;0,958712747417299;0,272930633254701;0,754410887796339;0,665850426721673;0,815996584993879;-21,3144169778143
0,995;1;0,357618265301824;0,901587301587302;0,163359217716422;0,805204820360628;0,610409640721255;0,805204820360628;0,978901890189019;0,272786932844854;0,754353458362584;0,666484211058467;0,816384842496764;-21,2670025332272
0,965;1;0,362838182164992;0,900621118012422;0,168213457076566;0,806860887787193;0,613721775574385;0,806860887787193;0,961572157215722;0,277844628906439;0,752818275744971;0,66420472040244;0,814987558434139;-20,7403054665217
0,971;1;0,332382629866632;0,906832298136646;0,163356643356643;0,803658916618394;0,607317833236788;0,803658916618394;0,99035103510351;0,279762945089737;0,75472191063936;0,665098934007075;0,815535979590769;-20,7716376023494
0,958;1;0,332319928045144;0,90625;0,163980774667798;0,805072395042994;0,610144790085989;0,805072395042994;0,983390339033903;0,279528471613358;0,758383124354555;0,669992874260183;0,818530924437301;-21,0581735777143
0,956;1;0,352302166745172;0,903125;0,16758480719049;0,807910502023268;0,615821004046535;0,807910502023268;0,979192732047455;0,280610249934582;0,759279836759466;0,671978075629887;0,819742688671199;-21,1235323570118
0,977;1;0,349655919098474;0,899686520376176;0,16461141382277;0,80411741294479;0,60823482588958;0,80411741294479;0,978106744999137;0,275604142122645;0,755272440192254;0,667325003341691;0,816899628682552;-21,0348927224658
0,964;1;0,33590843455364;0,91358024691358;0,163898117386489;0,805357792249178;0,610715584498356;0,805357792249178;0,976942486770629;0,278561940221604;0,749964316934888;0,660560671501112;0,812748836665493;-20,4837698251052
0,96;1;0,354900686168292;0,897515527950311;0,167974426038942;0,805539140493374;0,611078280986748;0,805539140493374;0,979411817670304;0,281368669235057;0,758859626810266;0,671626433366663;0,81952817728658;-20,9728101102845
0,829;1;0,47416056629446;0,827586206896552;0,189179505553565;0,802097433678952;0,604194867357903;0,802097433678952;0,978937767420969;0,278886733242339;0,758848255241574;0,671071341732137;0,819189441907143;-21,1564943309689
0,28;0;0,410047375528547;0,86833855799373;0,173722169959235;0,803024225385698;0,606048450771396;0,803024225385698;0,982142214221422;0,277914494953379;0,758704657122537;0,671307685602133;0,81933368391769;-21,1685020445205
0,755;1;0,327799694955995;0,909090909090909;0,164399092970522;0,806912438158645;0,61382487631729;0,806912438158645;0,970632887103506;0,279240879616515;0,761203413127694;0,674538928919959;0,82130318940082;-21,2752069514267
0,905;1;0,350777285541683;0,903726708074534;0,167868474185174;0,807517814891;0,615035629781999;0,807517814891;0,975706497773662;0,281330717908956;0,757789089970242;0,669892818973662;0,818469803336484;-20,9285627165892
0,898;1;0,347342892797438;0,900311526479751;0,167342211928199;0,806301438505429;0,612602877010858;0,806301438505429;0,966204620462046;0,279016498747915;0,76020935926408;0,672980566552541;0,820353927614503;-21,0918428572738
0,526;1;0,338412961047915;0,903726708074534;0,165340909090909;0,804926435315067;0,609852870630135;0,804926435315067;0,977254657234093;0,280150005235108;0,75801879914302;0,669692942818197;0,818347690665891;-20,9344854035669
0,999;1;0,340515542780315;0,912772585669782;0,16539655659046;0,80821753524687;0,61643507049374;0,80821753524687;0,973732294430709;0,279093645799897;0,756706413275612;0,667825894503066;0,817206151777546;-20,9205528684093
0,997;1;0,334943271779101;0,909657320872274;0,163402350307778;0,805071427986208;0,610142855972416;0,805071427986208;0,986393598545089;0,277794764780474;0,753924849224505;0,663626795278423;0,814632920571237;-20,7868530546819
0,837;1;0,36209452757318;0,890625;0,167155425219941;0,803416506475111;0,606833012950223;0,803416506475111;0,991491149114912;0,27711465914811;0,756872307870079;0,667982447449608;0,817301931632128;-20,9898990439372
0,997;1;0,335078964685238;0,900311526479751;0,165237278444826;0,804046282313031;0,608092564626063;0,804046282313031;0,967449452029457;0,279379314508144;0,759575369654292;0,672937241453556;0,820327520843691;-21,0862322969164
0,928;1;0,348885771413829;0,900311526479751;0,167682042355672;0,806582888745948;0,613165777491897;0,806582888745948;0,978205820582058;0,279742276114523;0,758614734942795;0,671009638583836;0,819151779943031;-21,0167026328084
0,857;1;0,437371399176955;0,852201257861635;0,178113703581991;0,80196060464915;0,603921209298301;0,80196060464915;0,983888292176682;0,276407244587239;0,75757068679837;0,669264730033072;0,818086016280117;-21,1619882430804
0,94;1;0,379087953210437;0,891304347826087;0,171496862862265;0,807145496454525;0,614290992909049;0,807145496454525;0,990518995031304;0,280178100734256;0,758714493845677;0,670966240844923;0,819125290077728;-20,9595375046722
0,907;1;0,410905715669727;0,881987577639752;0,175851393188854;0,808227142392027;0,616454284784054;0,808227142392027;0,98773469989597;0,280613258494592;0,756223015176627;0,666219021594434;0,816222409392461;-20,800035807105
0,667;1;0,355583524537212;0,891304347826087;0,168229777256741;0,803814303252179;0,607628606504358;0,803814303252179;0,984254425442544;0,280757790982523;0,758321438861067;0,669817839267286;0,81842399724549;-20,915718439961
0,994;1;0,422294216193312;0,873065015479876;0,178424549193293;0,807271862448141;0,614543724896282;0,807271862448141;0,976798610261253;0,279963763596692;0,756112035204064;0,6674058872642;0,816949133829151;-20,7858475862566
0,99;1;0,393974015260878;0,876160990712074;0,172877214416616;0,803142198775013;0,606284397550027;0,803142198775013;0,987677730810719;0,279388555344364;0,757919307297039;0,670328537178061;0,818735938613947;-20,8791773036276
0,679;1;0,319026628727446;0,913312693498452;0,163979988882713;0,8059381594136;0,6118763188272;0,8059381594136;0,967716771677168;0,281225503336685;0,759313453902438;0,671939651835824;0,819719251839204;-20,9317632540961
0,957;1;0,333162568306011;0,909657320872274;0,162991906223835;0,804570641615941;0,609141283231882;0,804570641615941;0,982022202220222;0,280062442633823;0,757337204206486;0,668602858265398;0,817681391658999;-20,9439750579639
0,982;1;0,334892134892135;0,912225705329154;0,164406779661017;0,807893508269595;0,61578701653919;0,807893508269595;0,966741574386513;0,277443477988988;0,75768406547814;0,66999749132445;0,81853374476832;-21,1210394411671
0,989;1;0,38633971291866;0,885093167701863;0,170965806838632;0,804652166375204;0,609304332750407;0,804652166375204;0,969663875383529;0,279145795481145;0,752465050116155;0,662943639765603;0,814213509938028;-20,7051985586675
0,989;1;0,347946192649532;0,900928792569659;0,16595380667237;0,804175965864118;0,608351931728235;0,804175965864118;0,979171792227603;0,280431446325469;0,754160051938269;0,665401441777651;0,815721424125694;-20,7224751895083
0,99;1;0,357238095238095;0,891304347826087;0,170579494799406;0,806277237127365;0,612554474254731;0,806277237127365;0,991275022873942;0,281439567817563;0,762481657384261;0,676359899039491;0,82241102803859;-21,1423571948999
0,972;1;0,404872679113527;0,878504672897196;0,172371638141809;0,804331701527963;0,608663403055926;0,804331701527963;0,993153274264951;0,278609964518396;0,754746555775963;0,667602167874362;0,817069255249738;-20,9277522789863
0,155;0;0,372860765448673;0,890965732087227;0,169280852323173;0,805369643237306;0,610739286474611;0,805369643237306;0,984854485448545;0,279837647449287;0,757830863459965;0,670023133784055;0,818549408272986;-21,0093553076914
0,964;1;0,343645324911475;0,903426791277259;0,165242165242165;0,805180844081816;0,610361688163631;0,805180844081816;0,984137366153143;0,279310493497332;0,75572493667182;0,667159041029169;0,816798041763794;-20,9152737276712
0,22;0;0,325380325380325;0,909657320872274;0,164599774520857;0,806476456635086;0,612952913270171;0,806476456635086;0,970743986634992;0,280498151352315;0,760265702244358;0,672967182800102;0,820345770270135;-21,1060633429371
0,819;1;0,370960200086994;0,884735202492212;0,169501641301104;0,803568571727303;0,607137143454606;0,803568571727303;0,988232752689575;0,280147853737356;0,759251100905295;0,672068625405908;0,819797917419841;-21,0765469457323
0,785;1;0,351755801444598;0,897196261682243;0,16657027183343;0,804592874067972;0,609185748135943;0,804592874067972;0,981047047850344;0,280417658428936;0,757617394819821;0,669791743159704;0,818408054187948;-21,0017544380953
0,833;1;0,361394242031229;0,884735202492212;0,16955223880597;0,803619117622976;0,607238235245952;0,803619117622976;0,975565409951017;0,28171919085645;0,760673948564079;0,673741956742189;0,820817858444971;-21,1315136208674
0,935;1;0,397376359450663;0,877742946708464;0,170731707317073;0,803248243892476;0,606496487784951;0,803248243892476;0,989531921792398;0,27549329129366;0,753966754100033;0,66445156020284;0,815138982139144;-20,9379316494699
0,938;1;0,360096553925424;0,888888888888889;0,169861397817753;0,803835256021048;0,607670512042097;0,803835256021048;0,98776173946361;0,282242561317372;0,761173722810983;0,674763022673689;0,821439603789401;-20,9519216146875
0,715;1;0,365557900378521;0,891640866873065;0,169162995594714;0,804538070976986;0,609076141953971;0,804538070976986;0,992175217521752;0,279530096991853;0,755828825416603;0,666628919079218;0,81647346501844;-20,7625470071433
0,753;1;0,428078035095755;0,863777089783282;0,177707006369427;0,803551166250864;0,607102332501728;0,803551166250864;0,97977797779778;0,278198717399484;0,7554978574953;0,667282965025212;0,816873897872378;-20,7838987745766
0,781;1;0,328605805125142;0,906832298136646;0,162447844228095;0,802616877518343;0,605233755036687;0,802616877518343;0,98193186811953;0,280034101595413;0,758592489625017;0,670262999079769;0,8186959136821;-20,936521646382
0,783;1;0,435898502384217;0,854037267080745;0,180921052631579;0,803460065868918;0,606920131737836;0,803460065868918;0,987311693108834;0,28103970703917;0,758603481437717;0,670243267028899;0,818683862689927;-20,9400344355576
0,815;1;0,388478317305522;0,87888198757764;0,173194614443084;0,804769202547796;0,609538405095593;0,804769202547796;0,975967452567541;0,28101922183019;0,761031863448291;0,673553843032661;0,820703261253823;-21,0504938326569
0,617;1;0,375171232876712;0,881987577639752;0,168796433878158;0,801410666286232;0,602821332572464;0,801410666286232;0,979111785866928;0,279370545553076;0,755195996411329;0,665319112517645;0,815670958486107;-20,7726529742052
0,974;1;0,371376282461168;0,894080996884735;0,168328445747801;0,805238879009169;0,610477758018338;0,805238879009169;0,97976597659766;0,278358188967031;0,753313545915107;0,66329831860638;0,814431285380406;-20,7636841527633
0,976;1;0,366381196197143;0,88785046728972;0,167992926613616;0,803011086612804;0,606022173225608;0,803011086612804;0,988136742512495;0,278310044394382;0,756710861589832;0,667682506051171;0,817118416174284;-20,9262353964044
0,977;1;0,343124212295197;0,903426791277259;0,164866401364412;0,804731901048681;0,609463802097362;0,804731901048681;0,975586485412388;0,278236743376895;0,754904801925475;0,666394697619576;0,816330017590665;-20,8839446510865
0,966;1;0,353810919648916;0,901234567901235;0,167000285959394;0,8048471969237;0,609694393847399;0,8048471969237;0,974617461746175;0,279777470287009;0,755127624647229;0,667484720802301;0,816997381147761;-20,7151381710191
0,586;1;0,381852801655349;0,897196261682243;0,17219730941704;0,81026260652117;0,62052521304234;0,81026260652117;0,976597659765977;0,280279399361615;0,756122850888356;0,667447377284742;0,816974526704929;-20,9185139290386
0,553;1;0,358305274971942;0,897196261682243;0,168421052631579;0,806484885138391;0,612969770276783;0,806484885138392;0,967155617032907;0,27955195582006;0,756695498311811;0,668459434938625;0,817593685725755;-20,9538294421838
0,137;0;0,313449774770827;0,922118380062305;0,16241426611797;0,807882338554018;0,615764677108036;0,807882338554018;0,973768298139091;0,282492970982432;0,761657423484053;0,674368793202897;0,821199606187739;-21,1353153657051
0,577;1;0,375312150436859;0,897196261682243;0,171684053651267;0,809728908630137;0,619457817260275;0,809728908630137;0,974794403827981;0,280385345714786;0,75845583903125;0,671111608879718;0,819214018971671;-21,034667806512
0,223;0;0,355562164385694;0,904024767801858;0,168445341794058;0,807753405651055;0,61550681130211;0,807753405651055;0,981626162616262;0,280080122898169;0,755415012916854;0,666156853532632;0,816184325708741;-20,74095550035
0,486;1;0,364612108655617;0,891640866873065;0,170616113744076;0,805976209281161;0,611952418562323;0,805976209281161;0,974098332132594;0,280431088376635;0,758007533309475;0,670431771236126;0,818798980969155;-20,882546809974
0,342;0;0,34955242189977;0,894736842105263;0,16758480719049;0,803853649704999;0,607707299409998;0,803853649704999;0,988643830318972;0,281245148160122;0,758723404451484;0,670425994831635;0,818795453597317;-20,8782114588731
0,935;1;0,332357859531773;0,909937888198758;0,163458856345886;0,804832456383273;0,609664912766547;0,804832456383273;0,967944794479448;0,279915997126113;0,756778189397928;0,668196654072412;0,817432966103284;-20,8834044399445
0,967;1;0,410607376766632;0,879256965944272;0,174769230769231;0,806022174206592;0,612044348413184;0,806022174206592;0,978469717807702;0,279108883124861;0,753879606634181;0,663384354299379;0,814484103159404;-20,6627809113857
0,838;1;0,368160403502938;0,896875;0,167885346592571;0,806288071226367;0,612576142452735;0,806288071226367;0,985310531053105;0,278633026836056;0,7558424374498;0,666811076704046;0,816585008865609;-20,9659088786655
0,967;1;0,376269714741217;0,888888888888889;0,171735241502683;0,805791531823085;0,611583063646171;0,805791531823085;0,969786797417984;0,280521289127975;0,758403001884599;0,670699390136456;0,818962386276962;-20,8321273389164
0,185;0;0,355138187729956;0,903426791277259;0,168164685416063;0,808220625894469;0,616441251788938;0,808220625894469;0,984290429042904;0,28133288237038;0,759482437207094;0,671575730864724;0,81949724274382;-21,0540862281088
0,294;0;0,390552365326771;0,88785046728972;0,174793008279669;0,809658014063592;0,619316028127183;0,809658014063592;0,978493849384939;0,28086929364835;0,759291495542674;0,671906928751719;0,819699291662326;-21,0607806153915
0,697;1;0,363045337640702;0,899686520376176;0,16734693877551;0,80700056924221;0,61400113848442;0,80700056924221;0,972922048542699;0,280118716733899;0,756107323234961;0,666599946381908;0,816455722242124;-21,0109515360177
0,736;1;0,33938994357075;0,915625;0,167860211973647;0,812253123103378;0,624506246206757;0,812253123103378;0,964050189337424;0,282244800642917;0,759181352187477;0,670204711890739;0,818660315326656;-21,0672401025495
0,407;1;0,325463209810717;0,909375;0,162524434515498;0,804475078393688;0,608950156787376;0,804475078393688;0,982784175140257;0,279501234425552;0,759107864865439;0,671376009661844;0,819375377749322;-21,1058063923532
0,614;1;0,363589551540118;0,89375;0,166569598136284;0,803858918276525;0,60771783655305;0,803858918276525;0,989480884991622;0,278703989027065;0,75570475633273;0,666596527610342;0,816453628573199;-20,9505175293165
0,907;1;0,403312060424963;0,871875;0,174157303370786;0,804198853292202;0,608397706584404;0,804198853292202;0,985226522652265;0,279190156279401;0,758514492619434;0,670337642871806;0,81874149941957;-21,0737096143703
0,243;0;0,363086080586081;0,9;0,168519602106495;0,807894204510974;0,615788409021948;0,807894204510974;0,984527406327283;0,279993911327452;0,757364164473527;0,669560053662041;0,818266493058369;-21,0481041920907
0,909;1;0,358019451812555;0,90282131661442;0,164901231033496;0,80543190261677;0,61086380523354;0,80543190261677;0,992304207337822;0,277351440412575;0,753325745390655;0,663980774368049;0,814850154548706;-20,9244671782339
0,941;1;0,334102146013044;0,903426791277259;0,163564579808235;0,803271154084917;0,606542308169834;0,803271154084917;0,965910386518359;0,278646999023042;0,756462655602423;0,667956167444397;0,817285854181018;-20,9289862474194
0,971;1;0,342037087537497;0,907407407407407;0,167187944270685;0,807111875224739;0,614223750449479;0,807111875224739;0,975193519351935;0,281241500871183;0,757286191690732;0,669248040990752;0,818075816162996;-20,7848840585016
0,983;1;0,440006654835847;0,857142857142857;0,179629027009437;0,803343741868332;0,606687483736664;0,803343741868332;0,987974797479748;0,279828787181771;0,756419411962119;0,668267482852135;0,817476288862335;-20,8670656085965
0,967;1;0,378973331537477;0,885093167701863;0,171171171171171;0,804770829954959;0,609541659909918;0,804770829954959;0,981170117011701;0,280405557095376;0,759078617301472;0,672147962739116;0,819846304339488;-20,9940427703751
0,957;1;0,324973794549266;0,91304347826087;0,165727170236753;0,808201221121531;0,616402442243063;0,808201221121531;0,964509344466821;0,281138430443896;0,761208596976427;0,674122124477245;0,821049404407095;-21,0628239902889
0,938;1;0,348531912883262;0,91304347826087;0,166195590729226;0,808722042620571;0,617444085241143;0,808722042620571;0,972958214700493;0,278360044965554;0,750636962969624;0,659993111416891;0,812399600822705;-20,602453892995
0,785;1;0,352597199738718;0,903726708074534;0,168744563641635;0,808399169496595;0,616798338993191;0,808399169496595;0,978691741342201;0,279905754776811;0,75741552060167;0,668113677381074;0,817382210095787;-20,8661781513164
0,984;1;0,35661672034729;0,900621118012422;0,168067226890756;0,806694614044657;0,613389228089314;0,806694614044657;0,985067461953015;0,279845035552004;0,754881646589582;0,66480085416662;0,815353208227342;-20,7577553109473
0,841;1;0,348318551775999;0,903726708074534;0,166333238068019;0,805869829148558;0,611739658297116;0,805869829148558;0,967320339947729;0,279094526770672;0,757679601873093;0,669755153962578;0,818385699998832;-20,9199007745428
0,892;1;0,505334447400132;0,819314641744548;0,195393759286776;0,80303111955715;0,6060622391143;0,80303111955715;0,981962196219622;0,277615065547944;0,754137992839313;0,664369816777957;0,815088839807022;-20,8091789285398
0,851;1;0,386924832406219;0,884735202492212;0,170827067669173;0,804785406000785;0,609570812001569;0,804785406000785;0,980542995932994;0,279653969453223;0,753736215049054;0,663016276094526;0,814258113926122;-20,7647464299426
0,47;1;0,359886538548448;0,894080996884735;0,167493434490808;0,804450715943632;0,608901431887264;0,804450715943632;0,973897389738974;0,279401011889657;0,755437720290494;0,665781590171564;0,815954404468512;-20,8555230245089
0,931;1;0,46855531962027;0,845679012345679;0,185888738127544;0,803996581119739;0,607993162239479;0,803996581119739;0,99272425060228;0,279487131298303;0,752930768978586;0,663546105058929;0,814583393557056;-20,5972329313167
0,934;1;0,351167898883023;0,900311526479751;0,165473804752362;0,804328752617721;0,608657505235441;0,804328752617721;0,966408439311964;0,278677940824515;0,754647252788183;0,665653508867012;0,815875915116393;-20,8513185166913
0,215;0;0,476305889785487;0,841614906832298;0,190108733777622;0,806582443298788;0,613164886597575;0,806582443298788;0,985730487449415;0,281061968903089;0,757609123613007;0,669861327588858;0,818450565146642;-20,9233756494119
0,334;0;0,401493404505948;0,885093167701863;0,173621687480963;0,807189982940461;0,614379965880922;0,807189982940461;0,972349234923492;0,279313374753724;0,751463504317432;0,661262412428162;0,813180430426214;-20,6439998062749
0,247;0;0,389646659195966;0,881987577639752;0,172173385874507;0,804777299189122;0,609554598378244;0,804777299189122;0,988913791643345;0,280401238717589;0,7541207749786;0,664426692589861;0,815123728393341;-20,7475709119655
0,413;0;0,428081778227109;0,863354037267081;0,179354838709677;0,805222795062473;0,610445590124946;0,805222795062473;0,981800070825182;0,279128049699798;0,757303751874576;0,669775558332044;0,818398166134336;-20,922646414386
0,365;0;0,377674040243192;0,881987577639752;0,17046818727491;0,803108103437984;0,606216206875968;0,803108103437984;0,991596134406307;0,280105916258487;0,754616233279562;0,666146679491042;0,816178092998729;-20,8038683749035
0,837;1;0,331221055707927;0,904320987654321;0,164791901012373;0,803455778182554;0,606911556365108;0,803455778182554;0,985736488085482;0,280472591041223;0,758248703983367;0,670504496540211;0,818843389507549;-20,8133798915418
0,938;1;0,448281594821245;0,854037267080745;0,180861558697797;0,80344698827796;0,60689397655592;0,80344698827796;0,989765945896882;0,278669886969403;0,753285089400722;0,663617630615437;0,814627295525651;-20,729324188955
0,944;1;0,381576843115305;0,881987577639752;0,171394085697043;0,804004715570179;0,608009431140359;0,804004715570179;0,979996939689198;0,279828811285788;0,759996731342771;0,672811809539051;0,820251064942345;-21,0199397015176
0,94;1;0,359336354988529;0,897515527950311;0,168759124087591;0,806435287746144;0,612870575492289;0,806435287746144;0,969432943294329;0,279177041089961;0,756270342591625;0,667579587691056;0,817055437342569;-20,8528403982991
0,996;1;0,344557580250413;0,897832817337461;0,166666666666667;0,803869358177989;0,607738716355978;0,803869358177989;0,977581758175818;0,281229643686289;0,757490319602807;0,669327244615682;0,818124223217772;-20,8402856079716
0,512;1;0,36970076146475;0,882716049382716;0,170491803278689;0,802525331994615;0,60505066398923;0,802525331994615;0,975145216334448;0,281817106492743;0,758687534834467;0,670489751116186;0,818834385645953;-20,8211689383449
0,948;1;0,358690066580276;0,903726708074534;0,16943231441048;0,809150701058608;0,618301402117216;0,809150701058608;0,969096909690969;0,278956793360753;0,755902347881898;0,666987709202199;0,816693154864297;-20,83553478368
0,741;1;0,396533835772209;0,882352941176471;0,172936893203884;0,805281627312199;0,610563254624398;0,805281627312199;0,97963396339634;0,27946946733735;0,755497323917132;0,666733567838888;0,816537548333748;-20,7700873128005
0,942;1;0,446091252542865;0,854489164086687;0,183145321831453;0,805114512254732;0,610229024509465;0,805114512254732;0,976309630963096;0,28071653087439;0,75759185993758;0,669624374404664;0,818305795167469;-20,8582647219704
0,956;1;0,376467971771547;0,885448916408669;0,170288776421554;0,803638882642934;0,607277765285869;0,803638882642934;0,977686701734679;0,278694795919306;0,757073275912536;0,670520138535049;0,818852940725652;-20,8854310729789
0,794;1;0,359256478700923;0,897515527950311;0,165663513900831;0,803227828700074;0,606455657400149;0,803227828700074;0,983750375037504;0,279340462027966;0,752000982262129;0,661313307056139;0,813211723388282;-20,6518204235546
0,555;1;0,333162568306011;0,900621118012422;0,167291606576291;0,805914443287012;0,611828886574025;0,805914443287012;0,972598177616672;0,282747254263659;0,7620053630084;0,673915276170051;0,820923428932352;-21,0602355788852
0,716;1;0,45575527946662;0,850467289719626;0,182364729458918;0,803874421558842;0,607748843117685;0,803874421558842;0,989762914886796;0,278755205180907;0,75421560773555;0,664387726378125;0,815099826020178;-20,8159695298713
0,794;1;0,3440743624738;0,903426791277259;0,167775527914377;0,807801583340895;0,615603166681789;0,807801583340895;0,976705670567057;0,280695932406326;0,760089855238892;0,671839185611168;0,819657968674232;-21,0606471497716
0,659;1;0,340932472508726;0,909657320872274;0,164091036808092;0,805830076580179;0,611660153160358;0,805830076580179;0,986795639955357;0,278633360386964;0,757784728448617;0,670283241376967;0,818708276113639;-21,005384033309
0,931;1;0,3122147382022;0,91588785046729;0,160963591568574;0,804245655477498;0,608491310954996;0,804245655477498;0,970395950787298;0,280151951223508;0,758700685849104;0,671242323785147;0,819293795768738;-21,0306040108852
0,269;0;0,346377399297107;0,904024767801858;0,167095851216023;0,806337118347059;0,612674236694119;0,806337118347059;0,981218121812181;0,28232786021099;0,757901040588784;0,670299538696603;0,818718229121963;-20,8761577929096
0,291;0;0,36157608441892;0,903726708074534;0,168062373664453;0,80770553916625;0,615411078332501;0,80770553916625;0,977389738973897;0,279841403009863;0,752984640663238;0,663589392555241;0,814609963451983;-20,7201649662373
0,586;1;0,398810364719456;0,8875;0,172016959418534;0,807349595551062;0,614699191102123;0,807349595551062;0,962721160283842;0,279664397998429;0,751400964612116;0,660001301988884;0,812404641781966;-20,7395227896421
0,231;0;0,362139046489965;0,903125;0,167390674775557;0,807780902426694;0,615561804853387;0,807780902426694;0,985997557752886;0,28009311173604;0,756130259389375;0,666476940594159;0,816380389643308;-20,9528212977097
0,905;1;0,351195390175685;0,903426791277259;0,167002591419522;0,806992521852222;0,613985043704443;0,806992521852221;0,967116711671167;0,28102078422034;0,757560608286205;0,669451844217084;0,818200369235485;-20,9822559257274
0,902;1;0,357527426404608;0,903426791277259;0,166570936243538;0,806537424764843;0,613074849529686;0,806537424764843;0,99012301230123;0,280469856910438;0,755176649298349;0,665791386461165;0,815960407410289;-20,862060395771
0,599;1;0,34410744625581;0,906542056074766;0,16538789428815;0,806274668814082;0,612549337628165;0,806274668814082;0,985850585058506;0,281570763897989;0,758537473201956;0,670274918909689;0,818703193416081;-21,0092825725207
0,202;0;0,345451878275217;0,909937888198758;0,167380748357612;0,809049235332062;0,618098470664123;0,809049235332062;0,970017731972075;0,280046479404176;0,756124832292517;0,667489351275165;0,817000214978653;-20,8560988096146
0,682;1;0,46627171642923;0,850931677018634;0,188380886902716;0,808517714330937;0,617035428661874;0,808517714330937;0,988952762780644;0,281832617074586;0,756713129095581;0,667465734639868;0,816985761589434;-20,855325512612
0,979;1;0,318454733261745;0,91304347826087;0,162251655629139;0,804310424486168;0,608620848972336;0,804310424486168;0,976885688568857;0,280500675975521;0,759093884122321;0,671519709159657;0,819463061497989;-20,9714017902634
0,916;1;0,376302224633749;0,885093167701863;0,170760934691432;0,804352069125701;0,608704138251403;0,804352069125701;0,973945238212783;0,27979215015774;0,757909110398526;0,670038630856428;0,818558874398432;-20,9229425030091
0,583;1;0,362074440798313;0,894409937888199;0,167393199651264;0,8039502376416;0,607900475283199;0,8039502376416;0,969969906904777;0,280539197757761;0,753949342737471;0,665102436652613;0,815538127037978;-20,7614355439616
0,897;1;0,328392636315;0,906832298136646;0,162810147755785;0,803006354471541;0,606012708943081;0,803006354471541;0,977278659706348;0,27984019054723;0,759008778555267;0,671506081596617;0,819454746521501;-20,9751223279095
0,97;1;0,330589802646435;0,903726708074534;0,163483146067416;0,802768949504231;0,605537899008461;0,802768949504231;0,981785123872177;0,277996725979093;0,756596931677793;0,668997626002019;0,817922750632368;-20,8930327980361
0,603;1;0,428144575592245;0,86687306501548;0,178287169691181;0,805073190407801;0,610146380815601;0,805073190407801;0,981646999562714;0,281194922188228;0,755104433070125;0,666114709521147;0,816158507595888;-20,7416401448775
0,47;1;0,431747600225861;0,869158878504673;0,181936746005869;0,809832270967547;0,619664541935093;0,809832270967547;0,97742867515794;0,282515621255578;0,758667339498676;0,670355704212677;0,818752529286278;-21,011935255041
0,755;1;0,373440043407488;0,88785046728972;0,167844522968198;0,802816595166203;0,605633190332406;0,802816595166203;0,986795639955357;0,279195837141998;0,75673129618703;0,667474638149073;0,816991210570269;-20,9131776512726
0,936;1;0,370023109841425;0,897196261682243;0,167198838896952;0,805148459622103;0,610296919244206;0,805148459622103;0,977449744974498;0,277261824330773;0,751780575250422;0,661569381506205;0,813369154508705;-20,717249415222
0,84;1;0,44998982598249;0,856697819314642;0,181159420289855;0,804929587451959;0,609859174903918;0,804929587451959;0,990110951778712;0,279382404698458;0,757640199740686;0,670057747600252;0,818570551388365;-20,9958958712784
0,991;1;0,366843602162649;0,897196261682243;0,168568920105356;0,806550376895351;0,613100753790701;0,806550376895351;0,969036717909543;0,278963423896836;0,756109747716977;0,667759940290723;0,817165797308431;-20,9183880035688
0,958;1;0,333160442600277;0,909657320872274;0,164275668073136;0,806002274357626;0,612004548715253;0,806002274357626;0,969156915691569;0,278375314158548;0,757885097659756;0,669281351593263;0,818096175026667;-20,9683264338789
0,773;1;0,394957010348576;0,878504672897196;0,173325138291334;0,805146711195664;0,610293422391328;0,805146711195664;0,974524376015115;0,279746878590328;0,759255202267888;0,670820015910096;0,819036028456683;-21,0188311728857
0,473;1;0,423206034806267;0,857142857142857;0,181758314125782;0,805152746251825;0,610305492503651;0,805152746251825;0,988421807450616;0,282072160210844;0,760852361877303;0,672851917002266;0,820275512862761;-21,0149901963501
0,996;1;0,361370262390671;0,894080996884735;0,167103347889374;0,804031595164343;0,608063190328685;0,804031595164343;0,989234923492349;0,278727404803948;0,757441221677889;0,668868432224527;0,817843770059127;-20,9547728701024
0,763;1;0,349564069580717;0,904024767801858;0,167671547516509;0,806900058460734;0,613800116921469;0,806900058460735;0,98394229790129;0,280696810539372;0,75583273810525;0,666330591740041;0,816290751962829;-20,7404434692392
0,946;1;0,362491118762639;0,904024767801858;0,167000285959394;0,806176942144022;0,612353884288043;0,806176942144022;0,979870926709861;0,277224408643448;0,750300952830002;0,660490215166506;0,812705491039962;-20,5478461666977
0,876;1;0,320091783418875;0,910493827160494;0,163254012174875;0,80377007765065;0,607540155301299;0,803770077650649;0,981233067010318;0,28071003013743;0,75793325419556;0,669230742842679;0,818065243634442;-20,7801943638861
0,766;1;0,352258867593825;0,901234567901235;0,169866201279814;0,807890195138155;0,61578039027631;0,807890195138155;0,981374137413741;0,28044566055471;0,7592786561979;0,6713766500926;0,819375768553476;-20,8500331713378
0,792;1;0,332390959555908;0,913312693498452;0,166244012397859;0,808401415034507;0,616802830069013;0,808401415034507;0,967236723672367;0,281768872112195;0,757829929457608;0,670148089571442;0,818625732292506;-20,8712150400531
0,94;1;0,335879417879418;0,913312693498452;0,164758447361072;0,806828272315569;0,613656544631138;0,806828272315569;0,9797899789979;0,280548768943017;0,754926115219232;0,665049303955278;0,815505551149272;-20,7109794147331
0,952;1;0,359290135152204;0,907120743034056;0,16863309352518;0,808991196759746;0,617982393519493;0,808991196759746;0,977197719771977;0,278447593189209;0,754432263519329;0,666024478755466;0,816103228002111;-20,7428146484319
0,437;1;0,405603279117429;0,876160990712074;0,17643391521197;0,806440305130397;0,612880610260794;0,806440305130397;0,976489366879406;0,282262651668527;0,757812970042556;0,669505328640351;0,818233052766968;-20,8460965263113
0,442;1;0,375779485768653;0,885448916408669;0,171565686862627;0,804917236600208;0,609834473200416;0,804917236600208;0,99252618539441;0,279991754449399;0,754851964062581;0,664753113651557;0,815323931729934;-20,6992542212463
0,938;1;0,363495200451722;0,897515527950311;0,169402110199297;0,807021097645836;0,614042195291673;0,807021097645836;0,971743004775999;0,281304729844393;0,756815520905226;0,668378609389905;0,817544255309708;-20,8686283881381
0,409;1;0,305742302916114;0,91640866873065;0,159268227064837;0,801454688544641;0,602909377089282;0,801454688544641;0,971497149714971;0,277819797069575;0,75521728291952;0,668002165474773;0,817313994419999;-20,7949820942628
0,602;1;0,416418828083862;0,873065015479876;0,177749763630633;0,806546680649434;0,613093361298868;0,806546680649434;0,983039049601309;0,280754290732976;0,757815457547021;0,668785861523048;0,817793287770845;-20,8122785077697
0,899;1;0,357679540813451;0,896875;0,167836257309942;0,806194377022654;0,612388754045307;0,806194377022654;0,982454245424543;0,279342720444745;0,760884853924038;0,673604723248392;0,8207342586053;-21,1833949004788
0,908;1;0,357874078162431;0,903125;0,167342211928199;0,807686703499545;0,61537340699909;0,807686703499545;0,971868849381113;0,278127180935064;0,754772182525005;0,66437969385247;0,815094898678963;-20,8775188768389
0,663;1;0,40744197466587;0,86875;0,17293934681182;0,8020428802589;0,604085760517799;0,8020428802589;0,983534353435344;0,279308326863109;0,758187743249133;0,669142849293812;0,818011521492095;-21,0364548501578
0,908;1;0,400910251087842;0,875;0,171516079632466;0,802727065844038;0,605454131688075;0,802727065844038;0,987488673817201;0,278362672460696;0,755439308835944;0,666201280985303;0,816211541810886;-20,9375023580517
0,656;1;0,454934766185371;0,853125;0,183037210861549;0,80570894012945;0,6114178802589;0,80570894012945;0,988640795942167;0,278905946975701;0,7578325682888;0,66984301307542;0,818439376542588;-21,0595128975948
0,954;1;0,348164955454776;0,896875;0,165322580645161;0,803550274350157;0,607100548700314;0,803550274350157;0,980302971210447;0,277709947909591;0,758132011538139;0,670217431638759;0,818668083925811;-21,0697511497385
0,918;1;0,331409219711106;0,90625;0,16260162601626;0,803600323624595;0,607200647249191;0,803600323624595;0,986102610261026;0,278694675674522;0,757309233904065;0,669445076070663;0,818196233229329;-21,046407891918
0,959;1;0,37878552681885;0,8875;0,168146832445234;0,803464776979873;0,606929553959745;0,803464776979873;0,983753326597067;0,277288549845531;0,757940528353472;0,670846651658292;0,819052288720502;-21,0904708872356
0,783;1;0,462281616168521;0,850931677018634;0,186457978904389;0,806952940178512;0,613905880357025;0,806952940178513;0,987446744674467;0,27981406950833;0,752187830923229;0,662208974689339;0,813762234740185;-20,6749820502563
0,746;1;0,369592735277931;0,890625;0,168042452830189;0,80436984803277;0,608739696065541;0,80436984803277;0,987332657279445;0,277866194173225;0,759178145902044;0,672145864828699;0,819845024885008;-21,1332529904871
0,688;1;0,394427191166322;0,882352941176471;0,172413793103448;0,804748477060727;0,609496954121454;0,804748477060727;0,969459854369363;0,278582518466413;0,754684602362407;0,66649218719122;0,816389727514512;-20,7580833031923
0,793;1;0,371305257979338;0,891640866873065;0,169861397817753;0,80526021501202;0,610520430024041;0,80526021501202;0,968493565837905;0,278614560789258;0,754751164482732;0,665935566615184;0,81604875259704;-20,7419715724019
0,669;1;0,330645860072677;0,910493827160494;0,164850516904163;0,805661306141395;0,61132261228279;0,805661306141395;0,976573657365737;0,279921830433521;0,759919131796058;0,672244889085531;0,819905414718997;-20,8948709378283
0,739;1;0,354847032012556;0,900621118012422;0,168164685416063;0,8068683504917;0,6137367009834;0,8068683504917;0,96998499849985;0,279050897237854;0,757885115450329;0,670057165623681;0,818570195904836;-20,9401786590065
0,793;1;0,346278369892333;0,897515527950311;0,166955517042172;0,804607698245557;0,609215396491114;0,804607698245557;0,972997299729973;0,281196719896779;0,760506619629953;0,672567656305127;0,820102223082664;-21,0223815170588
0,718;1;0,339523010615834;0,900621118012422;0,165903890160183;0,804491972698192;0,608983945396384;0,804491972698192;0,992709227195953;0,280791013727912;0,759934045799744;0,672020670053886;0,819768668621756;-21,0044711406135
0,794;1;0,344520216463549;0,906832298136646;0,165814877910278;0,806384093248725;0,612768186497451;0,806384093248725;0,977662699262424;0,278741302905728;0,75539498946935;0,666292264652842;0,81626727525538;-20,816901714633
0,782;1;0,348401291041657;0,901234567901235;0,16878612716763;0,806777510533664;0,613555021067328;0,806777510533664;0,97465931390482;0,280671121677962;0,758157159605374;0,671225078923963;0,819283271478164;-20,8451002695723
0,499;1;0,332313812788591;0,91304347826087;0,165773893431069;0,808176764942764;0,616353529885528;0,808176764942764;0,987986798679868;0,281369526935251;0,759413569526763;0,671721211229894;0,819585999898665;-20,9738269711926
0,948;1;0,4985050491815;0,826625386996904;0,193268186753529;0,803376439324618;0,606752878649236;0,803376439324618;0,979534892098295;0,27997644612913;0,756758947605613;0,669167162511666;0,81802638252789;-20,8350620960041
0,546;1;0,399003495576826;0,888198757763975;0,173965936739659;0,808581579529237;0,617163159058474;0,808581579529237;0,963120090746957;0,279246352286652;0,752102054876905;0,661599864449019;0,813387892981583;-20,661202495782
0,872;1;0,358373008875566;0,894409937888199;0,170112226816302;0,806804402486483;0,613608804972965;0,806804402486482;0,965853482913087;0,281827722911184;0,761914797692308;0,674897201296369;0,8215212725769;-21,0923783427806
0,233;0;0,359845493334747;0,897515527950311;0,168808411214953;0,806485864319076;0,612971728638152;0,806485864319076;0,96517541307189;0,280750617516242;0,755856699802499;0,666251499059125;0,816242304134701;-20,8093661677452
0,865;1;0,353767804712334;0,897515527950311;0,166907305804216;0,804469592367344;0,608939184734688;0,804469592367344;0,982334233423342;0,278267708240802;0,757245911022218;0,668946922154013;0,817891754545804;-20,8913735081309
0,794;1;0,374271872007211;0,888544891640867;0,17134328358209;0,805664594747993;0,611329189495986;0,805664594747993;0,965631460044731;0,280456523051477;0,759360713181744;0,671718504615942;0,819584348688981;-20,9203903161843
0,391;1;0,390850503766906;0,882352941176471;0,172570390554042;0,804845025829029;0,609690051658057;0,804845025829029;0,98345624637982;0,27986210278267;0,756250418082831;0,667443983652458;0,816972449751188;-20,7808985986115
0,896;1;0,390514206073647;0,894409937888199;0,171173848439822;0,807866510518042;0,615733021036085;0,807866510518042;0,978898826583544;0,279190281983087;0,752557953300496;0,662596847724063;0,81400052071486;-20,6897332223869
0,964;1;0,371806327149302;0,900621118012422;0,170337738619677;0,80905019080876;0,618100381617521;0,80905019080876;0,988109775311304;0,278792682213721;0,755536987394779;0,666794619421675;0,816574931908686;-20,8271449057694
0,941;1;0,37871877211125;0,888198757763975;0,169581974503409;0,804255154726616;0,608510309453233;0,804255154726616;0,978637863786379;0,279056415993726;0,755626644831631;0,667153361191395;0,816794564864014;-20,8388881147926
0,419;1;0,337771150950499;0,900621118012422;0,164539007092199;0,802951190329562;0,605902380659124;0,802951190329562;0,974023246481661;0,279905122273514;0,758315691820581;0,669821312466235;0,818426119125138;-20,9220660252721
0,972;1;0,336846722055513;0,906832298136646;0,166145092460882;0,806663822075203;0,613327644150406;0,806663822075203;0,965205416162209;0,281877711130821;0,759603829838604;0,671692621302346;0,819568558024493;-20,9833106514066
0,965;1;0,332193465440622;0,906832298136646;0,163082937726892;0,803355457180805;0,606710914361611;0,803355457180805;0,98149709420512;0,278377147534349;0,757054120868528;0,668540521050657;0,817643272491529;-20,8842960085783
0,935;1;0,384458558770485;0,888198757763975;0,171206225680934;0,805873605060422;0,611747210120843;0,805873605060422;0,976537653765377;0,279125297144632;0,757631418601001;0,669955218051052;0,818507921801036;-20,9306053151113
0,974;1;0,348696438851879;0,900311526479751;0,164157909684749;0,802882668025872;0,605765336051743;0,802882668025871;0,975592486030452;0,27728729760816;0,754660420106504;0,665980528977565;0,816076300953266;-20,8579085271757
0,96;1;0,342029747043945;0,904024767801858;0,165673758865248;0,804760081502386;0,609520163004772;0,804760081502386;0,981043990680673;0,279387005234275;0,755941820527254;0,668273066192949;0,817479703841599;-20,8017540563306
0,52;1;0,342673366366576;0,904320987654321;0,165116934347704;0,803959927713129;0,607919855426258;0,803959927713129;0,965181413689954;0,280253802083062;0,756308680979559;0,667360457419273;0,816921328782198;-20,7316709622815
0,705;1;0,35105274822695;0,894409937888199;0,164995703236895;0,801552795031056;0,603105590062112;0,801552795031056;0,97414033645904;0,278025255628961;0,754668691786316;0,665835063736011;0,815987171306027;-20,8039968645618
0,975;1;0,338762315542501;0,897515527950311;0,165473804752362;0,803040300126434;0,606080600252869;0,803040300126434;0,97940875559403;0,278245550676579;0,759713545014531;0,674064950105252;0,821014585805424;-21,0714085182837
0,986;1;0,333162041795135;0,906832298136646;0,163082937726892;0,803400980699428;0,606801961398856;0,803400980699428;0,982559098981587;0,277525312068507;0,754432121372264;0,666012460869784;0,816095864999807;-20,8077398918741
0,969;1;0,350943437527362;0,894409937888199;0,167004928964917;0,80366163797029;0,60732327594058;0,80366163797029;0,983699223255179;0,278550804938317;0,757971157696456;0,669890661600556;0,818468485404634;-20,9347266943053
0,98;1;0,332375981251741;0,903726708074534;0,166475972540046;0,806110067889643;0,612220135779286;0,806110067889643;0,987254649010567;0,279325081807481;0,760229255603675;0,673565996307304;0,820710665403651;-21,0571605063184
0,138;0;0,379607324627339;0,900621118012422;0,171648416691329;0,8103934878088;0,6207869756176;0,8103934878088;0,972133213321332;0,281792430940328;0,756515342841373;0,668803728872607;0,817804211821269;-20,897061622146
0,627;1;0,346970126069531;0,910216718266254;0,166289592760181;0,807490274779936;0,614980549559872;0,807490274779936;0,971641164116412;0,279040721509915;0,752514417561562;0,661910106845061;0,813578580620865;-20,6064511546942
0,998;1;0,357775734299778;0,890965732087227;0,165557163531114;0,801499044001147;0,602998088002293;0,801499044001146;0,98959495949595;0,278173451358683;0,756916411858667;0,669734935315181;0,818373347143699;-20,9957199687539
0,986;1;0,389684139784946;0,87888198757764;0,172036474164134;0,803697818864654;0,607395637729308;0,803697818864654;0,973738295048772;0,277572154745518;0,758267460876262;0,670283318669735;0,818708323317734;-20,9496631742985
0,996;1;0,341063010514425;0,900621118012422;0,166523112259546;0,80516394626607;0,610327892532139;0,80516394626607;0,973951238848851;0,279285484780133;0,760005503963057;0,672635439678029;0,820143548214597;-21,0266877136824
0,968;1;0,369250611074551;0,897515527950311;0,168907071887785;0,806630147431521;0,613260294863042;0,806630147431521;0,95968796879688;0,277395334031834;0,754461259118018;0,665779988620585;0,815953423070573;-20,8001278806274
0,73;1;0,323838973408066;0,907407407407407;0,16461366181411;0,804285393132131;0,608570786264261;0,804285393132131;0,975352461307904;0,280587881286599;0,75872889518981;0,670496940482135;0,818838775634212;-20,8193357051419
0,737;1;0,351418143899896;0,891975308641975;0,167633410672854;0,802646568265775;0,60529313653155;0,802646568265775;0,976225622562256;0,28059408941895;0,757064633652804;0,668098398988895;0,817372864113371;-20,7495215518321
0,763;1;0,421329192546584;0,866043613707165;0,175339009776096;0,802925701643669;0,605851403287337;0,802925701643668;0,991356109683759;0,277991481572437;0,75596869349333;0,667356875535531;0,81691913647284;-20,9072347060132
0,704;1;0,494395911841955;0,831775700934579;0,190918841616017;0,804164200861787;0,608328401723574;0,804164200861787;0,980923977959322;0,279803572828615;0,753768257348421;0,664077023334025;0,814909211712584;-20,8016340318189
0,734;1;0,354934147738118;0,894080996884735;0,168526130358191;0,805498612566204;0,610997225132408;0,805498612566204;0,982145160955999;0,282147481933281;0,763729956721225;0,678101244112198;0,823469030451175;-21,2578284161266
0,33;0;0,47294481981982;0,841614906832298;0,188587334725122;0,805453958928438;0,610907917856876;0,805453958928438;0,98680164057342;0,280794955431061;0,756224345258627;0,66731714165897;0,816894816765886;-20,8463195909103
0,773;1;0,327115231656393;0,903426791277259;0,162967125597078;0,802583488718354;0,605166977436708;0,802583488718354;0,981743119545732;0,278756105396686;0,75980868196084;0,672677667149622;0,820169291762147;-21,0798062601686
0,85;1;0,335128885695079;0,903426791277259;0,164305949008499;0,804050506120216;0,608101012240431;0,804050506120216;0,974305430543054;0,28086395878048;0,758529041803966;0,670726847471756;0,818979149595248;-21,0157730349862
0,976;1;0,337162297918535;0,907120743034056;0,164652992413599;0,804698459529168;0,609396919058335;0,804698459529167;0,978928703268307;0,280082289088173;0,75352247912885;0,663587550262587;0,814608832669145;-20,6571027143812
0,981;1;0,328902954733226;0,907120743034056;0,165023936919178;0,805088093087242;0,610176186174485;0,805088093087242;0,977821782178218;0,280920419262226;0,758969187753637;0,670940445201865;0,81910954407934;-20,8949996712511
0,98;1;0,402309631901469;0,876160990712074;0,177262762292515;0,807225664804697;0,614451329609393;0,807225664804697;0,984416348150625;0,281325715547612;0,759259326021741;0,671298238112674;0,81932791854829;-20,9087517374857
0,456;1;0,348297032255041;0,900928792569659;0,168549087749783;0,806877505732533;0,613755011465067;0,806877505732533;0,976237623762376;0,281789297749809;0,759491823746618;0,671624188321437;0,819526807567292;-20,9214666878882
0,981;1;0,33412120144843;0,907120743034056;0,165911664779162;0,806094001536245;0,61218800307249;0,806094001536245;0,964401333341675;0,282692683851082;0,759148186264783;0,670340670567449;0,818743348411118;-20,8816464741048
0,504;1;0,358725694019812;0,894736842105263;0,170551785187371;0,8069456864248;0,6138913728496;0,8069456864248;0,985766576657666;0,282219590130775;0,760211226606331;0,672951781834548;0,820336383341948;-20,9689610914927
0,995;1;0,358497777929909;0,894736842105263;0,168316831683168;0,804626893485611;0,609253786971222;0,804626893485611;0,983108209487904;0,280882352928224;0,75738433753731;0,668075549529177;0,817358886615407;-20,8035748129915
0,953;1;0,349327128825182;0,910216718266254;0,166808510638298;0,808031685048563;0,616063370097126;0,808031685048563;0,967350539174567;0,280016654547731;0,754719630955344;0,665285947826446;0,815650628533103;-20,7145897911254
0,502;1;0,354446973119171;0,8875;0,166520082087364;0,80175283286119;0,60350566572238;0,80175283286119;0,976690459299624;0,276770634240255;0,759631667320478;0,672799204219119;0,820243381088271;-21,1484660773753
0,439;0;0,46173121422482;0,842105263157895;0,186301369863014;0,803557179789984;0,607114359579969;0,803557179789984;0,987890789078908;0,279754576274389;0,755149765524881;0,665892472777847;0,816022348209807;-20,750861553611
0,912;1;0,380037252839072;0,879256965944272;0,17041704170417;0,80175674516109;0,603513490322181;0,80175674516109;0,984122412241224;0,279345381940385;0,758644415850003;0,671146087992521;0,819235062721635;-20,9058617400378
0,959;1;0,357482449124678;0,900928792569659;0,167626728110599;0,805916550846837;0,611833101693673;0,805916550846837;0,989153882854386;0,281133675971694;0,756637698596612;0,667901826787939;0,817252608920852;-20,799970729619
0,949;1;0,44575279665817;0,854037267080745;0,183578104138852;0,805636322267351;0,611272644534702;0,805636322267351;0,976765676567657;0,279267296790125;0,758003077372221;0,670281164149156;0,81870700751194;-20,9329573393281
0,967;1;0,363589551540118;0,897515527950311;0,167342211928199;0,804924919697102;0,609849839394204;0,804924919697102;0,978742810513888;0,277409020291608;0,755236306817725;0,66725125460476;0,816854488023883;-20,8358825709026
0,964;1;0,462363922258538;0,841614906832298;0,186446508427933;0,803761424078769;0,607522848157538;0,803761424078769;0,983906294084885;0,279292282944211;0,756428800129565;0,667693312359326;0,817125028596803;-20,8544917293727
0,974;1;0,352406011986093;0,904320987654321;0,168536094334196;0,807438299717253;0,614876599434505;0,807438299717253;0,977857785778578;0,279962304726813;0,756905274141101;0,668640369474139;0,817704328883087;-20,7506731567958
0,466;1;0,364932432432432;0,890965732087227;0,169581974503409;0,805602214683242;0,611204429366483;0,805602214683241;0,975754502718171;0,27925727956977;0,760207901971536;0,672023816090938;0,819770587476117;-21,0646183879116
0,563;1;0,353396266590957;0,903426791277259;0,166570936243538;0,80652274124397;0,613045482487939;0,80652274124397;0,980726072607261;0,27884512027686;0,755913612985648;0,666027565582273;0,816105119198668;-20,8677429557258
0,444;0;0,506315434064795;0,81619937694704;0,19588785046729;0,802314898829507;0,604629797659014;0,802314898829507;0,968856885688569;0,278351578501802;0,76063320256539;0,674156247740703;0,821070184418301;-21,136730669695
0,812;1;0,474256259204713;0,838006230529595;0,186288088642659;0,802789906000106;0,605579812000213;0,802789906000106;0,980822082208221;0,277943156484429;0,754878835279852;0,665734012859574;0,815925249553888;-20,8581047127827
0,982;1;0,34365761130249;0,9;0,163729391699829;0,802837058764034;0,605674117528067;0,802837058764034;0,964587352501649;0,276221007458373;0,756714450372117;0,669295948464731;0,818105096222197;-21,0394074084697
0,823;1;0,335046264999155;0,900311526479751;0,164064717570253;0,802841107631501;0,605682215263001;0,802841107631501;0,969162731266961;0,280214360006162;0,760091013753699;0,67292363899133;0,820319229929014;-21,09416235412
0,79;1;0,336096792668958;0,906542056074766;0,164965986394558;0,8058046580566;0,611609316113201;0,8058046580566;0,973177317731773;0,281026407515787;0,759667117972929;0,670775289592287;0,819008723758354;-21,0236254051031
0,784;1;0,328902954733226;0,903426791277259;0,1612454823464;0,800707023634988;0,601414047269976;0,800707023634988;0,965952595259526;0,277264596267904;0,754771690659115;0,66578898704789;0,815958937108903;-20,8599096852514
0,737;1;0,351879005104812;0,897196261682243;0,16778327993009;0,805784334947524;0,611568669895048;0,805784334947524;0,94947179559922;0,279003209448037;0,760243720016386;0,673053598780697;0,82039843904087;-21,0984293355714
0,694;1;0,34409055082501;0,890965732087227;0,164889017007783;0,800747354766179;0,601494709532358;0,800747354766179;0,982466246624662;0,278519154214572;0,758500199773809;0,669752910130522;0,818384329108593;-20,9900575282937
0,262;0;0,328586568140886;0,910216718266254;0,16647791619479;0,807632896217008;0,615265792434017;0,807632896217008;0,965796579657966;0,282070051893234;0,759497178973611;0,672958201157302;0,820340295948762;-20,9587644664628
0,257;0;0,369697620453718;0,891640866873065;0,171479607025901;0,806793822083704;0,613587644167409;0,806793822083704;0,97004500450045;0,281022517890461;0,759056471738984;0,670842084747329;0,81904950079182;-20,889715152924
0,462;1;0,325491422826831;0,910216718266254;0,163106796116505;0,803939685653414;0,607879371306828;0,803939685653414;0,973048223971448;0,28138884440886;0,756970911187672;0,66819415680215;0,817431438594179;-20,803312719649
0,515;1;0,359254063467492;0,897515527950311;0,168267831149927;0,80592952201683;0,611859044033661;0,80592952201683;0,972661102094332;0,281264554246397;0,757897464687138;0,67020729888428;0,818661895341587;-20,9388570386774
0,532;1;0,374095731083845;0,897515527950311;0,169600938967136;0,807280778643845;0,61456155728769;0,807280778643845;0,982832180228797;0,279565250281242;0,753327069352448;0,663242129110462;0,814396788494688;-20,7087985710056
0,448;1;0,34063646022552;0,903125;0,164578587699317;0,804723855589277;0,609447711178553;0,804723855589277;0,98037803780378;0,277793201484006;0,757404344304094;0,668654517191928;0,817712979713498;-21,0141108515948
0,946;1;0,469560730470678;0,834375;0,187434187434187;0,802748564454113;0,605497128908226;0,802748564454113;0,986873569259022;0,278691477050287;0,756930813276392;0,668047344200326;0,817341632489332;-20,9899499773895
0,274;0;0,345075008983112;0,901234567901235;0,166619115549215;0,804471998641026;0,608943997282052;0,804471998641026;0,978415712083094;0,280336865710728;0,757516104194365;0,670451824274025;0,818811226275034;-20,8158004594368
0,39;1;0,350825887274629;0,904024767801858;0,167048054919908;0,806301277285513;0,612602554571026;0,806301277285513;0,98029402940294;0,281619722808043;0,756141367281047;0,667521598807286;0,81701995006688;-20,7875602846758
0,391;1;0,361539508592063;0,890625;0,168240850059032;0,804572133862648;0,609144267725296;0,804572133862648;0,984242424242424;0,279151555911183;0,755805488429551;0,665999618307059;0,8160879966689;-20,930861759173
0,62;1;0,464800050279229;0,834375;0,186582809224319;0,802160702548286;0,604321405096572;0,802160702548286;0,979291804948954;0,278581560909612;0,755687035084528;0,667031070485873;0,816719701296517;-20,9689912742088
0,996;1;0,354072457902979;0,903125;0,164672364672365;0,804825018968134;0,609650037936267;0,804825018968134;0,970918004558839;0,276226461578171;0,753926091296128;0,664835297707595;0,81537432980662;-20,8883706988957
0,993;1;0,381062316118853;0,884375;0,169461077844311;0,803773420906241;0,607546841812481;0,803773420906241;0,980858085808581;0,27890654184678;0,757943699694166;0,669896917162836;0,818472306900384;-21,0591968514025
0,694;1;0,381880571777583;0,88125;0,167259786476868;0,800584555106168;0,601169110212336;0,800584555106168;0,990395895639431;0,276083713640881;0,753606840499862;0,664414339958513;0,815116151207;-20,884882108212
0,813;1;0,358429098668906;0,9;0,167930029154519;0,807301779935275;0,61460355987055;0,807301779935275;0,978670803097124;0,278459687635764;0,75704057443359;0,668594461820352;0,817676257341713;-21,0183951551135
0,959;1;0,34337927362898;0,90625;0,164492342597845;0,805658630019217;0,611317260038434;0,805658630019217;0,986828603849773;0,277941025821033;0,757450540821671;0,66876989918888;0,817783528318393;-21,0220850052279
0,952;1;0,424454904244306;0,8625;0,177606177606178;0,804227346278317;0,608454692556634;0,804227346278317;0,983120210760039;0,277664703356152;0,760010746538435;0,673751245498383;0,820823516657742;-21,1882202243239
0,944;1;0,348625443935571;0,894736842105263;0,166283084004603;0,80251711617705;0,6050342323541;0,80251711617705;0,979258863667365;0,279272824732243;0,757109210388098;0,669405025853032;0,818171758161471;-20,8490343708691
0,974;1;0,349253443526171;0,899053627760252;0,165169516082295;0,805434157598516;0,610868315197032;0,805434157598516;0,972166133116086;0,276988558026018;0,760002816690394;0,673240966739023;0,820512624362979;-21,3638432661876
0,292;0;0,361788386950167;0,904024767801858;0,169422686393966;0,808822981534663;0,617645963069327;0,808822981534663;0,971545154515452;0,279724400517101;0,754957591561467;0,666002332394022;0,816089659531367;-20,7441513923999
0,582;1;0,428424001179419;0,86687306501548;0,177552314521243;0,804441791407416;0,608883582814833;0,804441791407416;0,994665434553969;0,280851961862874;0,754914070627916;0,665455231033071;0,815754393817815;-20,724231175734
0,662;1;0,388113531669045;0,882352941176471;0,174205378973105;0,806467732724158;0,612935465448315;0,806467732724158;0,986816602577638;0,281368333600919;0,758649450780679;0,670049504156566;0,818565516105196;-20,874214295206
0,657;1;0,361551084474886;0,891975308641975;0,170551785187371;0,805629680815072;0,611259361630144;0,805629680815072;0,97964596459646;0,280206637464219;0,761434949246652;0,675290654620572;0,821760703989046;-20,9836608928396
0,273;0;0,34557896012471;0,901234567901235;0,165956237567491;0,803719196712483;0,607438393424967;0,803719196712483;0,979264739896313;0,280895305930421;0,756059095015311;0,667013071357081;0,816708682062999;-20,6977376310802
0,819;1;0,339495424538792;0,909657320872274;0,165158371040724;0,806978382236845;0,613956764473691;0,806978382236845;0,986174617461746;0,279913525151872;0,757789150223838;0,669600223689522;0,818291038500069;-20,9808767951837
0,836;1;0,343885448916409;0,909657320872274;0,164599774520857;0,806386418882425;0,61277283776485;0,806386418882425;0,977386535171922;0,279630956517279;0,757474087514215;0,669551322147316;0,818261157667475;-20,9813551411399
0,803;1;0,35862243748592;0,890965732087227;0,166230746875908;0,802134358203452;0,604268716406904;0,802134358203452;0,98963090089331;0,280566441827296;0,756649392131459;0,66733327648035;0,81690469240931;-20,9064600229917
0,061;0;0,313887538486469;0,912772585669782;0,15997815997816;0,802193919010677;0,604387838021355;0,802193919010677;0,979852683168811;0,278933577554247;0,756180054147147;0,668335455783508;0,817517862669378;-20,9435181222485
0,713;1;0,373597786188837;0,894080996884735;0,16798361135499;0,805014004358031;0,610028008716063;0,805014004358031;0,985217477404607;0,280079406902701;0,754205357993589;0,664827338847339;0,815369449297274;-20,8324736643837
0,985;1;0,328589488422685;0,90251572327044;0,162422184493492;0,803119079519096;0,606238159038193;0,803119079519096;0,959444822821069;0,277947559018426;0,759216899369539;0,671200739240004;0,819268417089298;-21,2303141441565
0,204;0;0,379530293841998;0,884735202492212;0,169754931261207;0,803779270777909;0,607558541555818;0,803779270777909;0,980906090609061;0,279806796193448;0,757167181878911;0,668970531771806;0,817906187635114;-20,9685332773453
0,404;1;0,333159359777314;0,909657320872274;0,164414414414414;0,806199146933558;0,612398293867116;0,806199146933558;0,973906155810431;0,27983047532727;0,757758602462363;0,669724430598025;0,818366929071566;-20,9891224572421
0,728;1;0,410456640583128;0,869969040247678;0,175844806007509;0,803943064107661;0,607886128215322;0,803943064107661;0,97336025611076;0,280303991166838;0,756765438724801;0,669153641878894;0,818018118307225;-20,8491072177456
0,105;0;0,348189854052482;0,897832817337461;0,165714285714286;0,802960898051946;0,605921796103892;0,802960898051946;0,973726293812645;0,279891902419612;0,756536935031252;0,668422410928789;0,817571043352679;-20,8252311713045
0,451;1;0,313467508746519;0,91358024691358;0,162014230979748;0,803263152502433;0,606526305004866;0,803263152502433;0,978610796916487;0,279821290601606;0,758669644762084;0,671953909677718;0,819727948576672;-20,8584616380935
0,386;1;0,337620038764812;0,907120743034056;0,164699269252389;0,804764093952796;0,609528187905591;0,804764093952796;0,971104023718813;0,280398909942508;0,756948107175446;0,669475865643304;0,818215048531439;-20,8513465450428
0,966;1;0,370159278449434;0,891640866873065;0,168421052631579;0,803750840072179;0,607501680144358;0,803750840072179;0,978397839783978;0,277700003429706;0,752631931960433;0,663047572754304;0,814277331597966;-20,6415303846415
0,477;1;0,351000394244037;0,897832817337461;0,168506682161534;0,805835283845749;0,611670567691497;0,805835283845749;0,979294867375747;0,280693890392096;0,758742429581876;0,670149205531234;0,818626413897838;-20,8733240112799
0,982;1;0,360554439398288;0,904320987654321;0,169953596287703;0,808949243321292;0,617898486642585;0,808949243321292;0,983750277547129;0,280855410268477;0,75598433228388;0,667825600253143;0,817205971743442;-20,7303458792164
1;1;0,349118993266264;0,904024767801858;0,165814877910278;0,805016024677628;0,610032049355256;0,805016024677628;0,965163202828202;0,279093645535278;0,757379732640048;0,669821223803809;0,818426064958716;-20,8667619303812
0,98;1;0,516568308145458;0,814465408805031;0,194152923538231;0,80147709040292;0,602954180805841;0,80147709040292;0,974185418541854;0,275752249906428;0,754302116862106;0,665678057677774;0,815890959428877;-21,0474017323116
1;1;0,429255091947305;0,86687306501548;0,179890780597494;0,806515011472141;0,613030022944282;0,806515011472141;0,985706570657066;0,279374307269249;0,757831481434176;0,670824303571834;0,819038645957463;-20,8995081404222
0,992;1;0,409309504928062;0,876160990712074;0,175232198142415;0,805367567983996;0,610735135967992;0,805367567983996;0,982337180734037;0,279564933205368;0,754907857294931;0,665892229154011;0,81602219893457;-20,7343785005805
0,998;1;0,360765801487451;0,894736842105263;0,1677793904209;0,804055996932842;0,608111993865684;0,804055996932842;0,980338856975118;0,278595917393403;0,755255230589593;0,667002146610787;0,816701993759527;-20,7664799986429
0,999;1;0,365116713850756;0,900928792569659;0,168402777777778;0,806696690902393;0,613393381804787;0,806696690902393;0,977389738973897;0,279879259497958;0,75471668640077;0,665732575320142;0,815924368627474;-20,7250497000373
0,642;1;0,318265508772984;0,906832298136646;0,160881542699725;0,800846339274717;0,601692678549434;0,800846339274717;0,983339283950672;0,278683161282651;0,755696428142037;0,666816787005278;0,816588505310526;-20,8237332247119
0,926;1;0,348578389138121;0,903726708074534;0,168013856812933;0,807625774354984;0,615251548709969;0,807625774354984;0,986894532258677;0,280688617487247;0,758230994855459;0,670417624096493;0,818790341965813;-20,9395024171306
0,962;1;0,358496995973614;0,903726708074534;0,169333721268548;0,808948374280182;0,617896748560364;0,808948374280182;0,988724804847113;0,280831384883013;0,755883560273039;0,666896984858932;0,816637609260639;-20,8180823199177
0,338;0;0,381446741610223;0,879256965944272;0,172539489671932;0,80381664685681;0,60763329371362;0,80381664685681;0,986855646135993;0,280943371598599;0,760936172577309;0,674496115433207;0,821277124625547;-21,013118911902
0,875;1;0,365728065107634;0,890965732087227;0,170339487790351;0,806318560094605;0,61263712018921;0,806318560094605;0,968682680381558;0,281132150206907;0,760586261802845;0,672449160963257;0,820029975649218;-21,0723058293225
0,761;1;0,328317524106055;0,907407407407407;0,164705882352941;0,804446953779546;0,608893907559091;0,804446953779546;0,968487754243046;0,280904630324203;0,759533902567948;0,672055389182387;0,819789844522599;-20,8783388691973
0,942;1;0,375581744858853;0,889937106918239;0,167753408417309;0,804719716720297;0,609439433440594;0,804719716720297;0,982736170051717;0,275131831603856;0,751503684486935;0,661353272769143;0,813236295777029;-20,9041639175952
0,906;1;0,340638748574222;0,9;0,164196123147092;0,803313100657562;0,606626201315124;0,803313100657562;0,972081956972684;0,277567128552403;0,756036405637934;0,667219472625818;0,816835033911878;-20,9668648832463
0,9;1;0,446462288149966;0,8625;0,179570592062459;0,805895892351275;0,61179178470255;0,805895892351275;0,978538789499722;0,276256742264438;0,75196105651476;0,661694359626578;0,813445978308687;-20,782895975315
0,903;1;0,35962925837557;0,896875;0,165370210314031;0,803571541476985;0,607143082953971;0,803571541476985;0,986030603060306;0,277758208472257;0,753376441948103;0,663421031456604;0,814506618424064;-20,8418088149594
0,868;1;0,351167898883023;0,903125;0,164297896532121;0,804405478551194;0,608810957102388;0,804405478551194;0,97803767201084;0,276037841356719;0,752643788246562;0,663408934777476;0,81449919261929;-20,8393395759148
0,906;1;0,392112084435524;0,884375;0,171152101602661;0,805386933370434;0,610773866740868;0,805386933370434;0,990900062710919;0,27776302639754;0,755199365495793;0,66597094167086;0,816070426906196;-20,9216015464703
0,925;1;0,454277791535409;0,852664576802508;0,181818181818182;0,804836488381013;0,609672976762026;0,804836488381013;0,986780598761233;0,277078868216412;0,756419762866343;0,668405831218453;0,817560903675349;-21,0622088368729
0,792;1;0,351825842696629;0,9;0,166042087056789;0,80525650106243;0,610513002124861;0,80525650106243;0,978373837383738;0,276687988464084;0,755709702262531;0,667307742922725;0,816889064024439;-20,9656047042006
0,658;1;0,355642285175964;0,906542056074766;0,167578462424417;0,808571452880596;0,617142905761192;0,808571452880596;0,991320105975377;0,279990566491099;0,756475077556283;0,667703067715069;0,817130997891445;-20,920676988887
0,631;1;0,362544832306639;0,897196261682243;0,170062001771479;0,808096411237642;0,616192822475284;0,808096411237642;0,955775046874073;0,281128487666522;0,758675122582595;0,669731038792479;0,818370966489207;-20,9872552346375
0,423;1;0,349589279087812;0,900311526479751;0,168316831683168;0,807298620382733;0,614597240765465;0,807298620382732;0,971317131713171;0,281600312783431;0,760693014984275;0,673769178307944;0,820834440254515;-21,1156337539052
0,977;1;0,458800599349144;0,845911949685535;0,181572730340871;0,802786037557718;0,605572075115436;0,802786037557718;0,989009868020857;0,2764745002858;0,755008913554629;0,667150980554585;0,816793107558203;-21,0961852576377
0,138;0;0,374441225753316;0,890965732087227;0,171514242878561;0,807482056654702;0,614964113309405;0,807482056654702;0,976588448180408;0,281269445091861;0,762371346089353;0,675156239019866;0,821678914795716;-21,1611622934807
0,926;1;0,35533785566554;0,903426791277259;0,167484839734334;0,807439822186585;0,614879644373171;0,807439822186585;0,982811126452592;0,280450672137567;0,759639907733826;0,671443876037387;0,819416790185182;-21,0393086042272
0,897;1;0,358397320217496;0,903426791277259;0,168359941944848;0,808350384711879;0,616700769423758;0,808350384711879;0,939750794336046;0,279815198522145;0,756939159493042;0,66823620052722;0,817457155163022;-20,9340206524062
0,37;0;0,402767397381198;0,87962962962963;0,17314702308627;0,804131594424403;0,608263188848806;0,804131594424403;0,972073207320732;0,279598345523797;0,752651048593116;0,663223529084374;0,814385368903675;-20,5867336632065
0,984;1;0,32680988308472;0,903426791277259;0,16260162601626;0,802209046053357;0,604418092106714;0,802209046053357;0,986435602871535;0,279940178561153;0,759691188362302;0,671202028557329;0,819269203960047;-21,0355477961792
0,675;1;0,335091442047768;0,906542056074766;0,163025210084034;0,803665525306248;0,607331050612496;0,803665525306248;0,992922270998381;0,279128413307605;0,756935061481234;0,668331231182062;0,817515278867656;-20,9412995816561
0,985;1;0,378068361300907;0,88125;0,170650529500756;0,803916523366377;0,607833046732754;0,803916523366377;0,984512265444623;0,278318377977161;0,759356589737888;0,67152397218661;0,819465662603755;-21,1106782240522
0,935;1;0,335915977961433;0,898412698412698;0,159751622918431;0,800198051290947;0,600396102581895;0,800198051290947;0,980968811523697;0,274214922513263;0,755867464888829;0,667601208241717;0,817068668008826;-21,3000865835702
0,805;1;0,334116441454946;0,904458598726115;0,158305462653289;0,800959442032287;0,601918884064575;0,800959442032287;0,987659728956528;0,271623040346854;0,755191768554232;0,6670892897395;0,816755342645213;-21,3516898810893
0,979;1;0,356369193398015;0,895238095238095;0,163525659611482;0,803345474167004;0,606690948334008;0,803345474167004;0,98820260806786;0,274260415421226;0,754985040687661;0,665817970729531;0,815976697418211;-21,2447436787097
0,171;0;0,338383384405856;0,90282131661442;0,16271186440678;0,803039553491346;0,606079106982692;0,803039553491346;0,976216550309075;0,276453127149442;0,755766084006235;0,667704118107928;0,817131640623424;-21,0453200541054
0,962;1;0,341908434216873;0,904761904761905;0,159485170677112;0,801951008020811;0,603902016041622;0,801951008020811;0,992256202393312;0,273483306256365;0,752175736764948;0,661610767477468;0,813394595185798;-21,1062807198194
0,987;1;0,365156883770805;0,908227848101266;0,165037377803335;0,808676854038492;0,617353708076984;0,808676854038492;0,990416984218156;0,274933087153193;0,751105092535822;0,660399189106311;0,812649487236847;-20,9981954067886
0,974;1;0,358583363277039;0,895569620253165;0,164296081277213;0,803800190071943;0,607600380143886;0,803800190071943;0,984518451845185;0,274287299369851;0,755767515102912;0,667087433860446;0,816754206515306;-21,2188749835985
0,987;1;0,355740848562796;0,901898734177215;0,163793103448276;0,805280474151955;0,61056094830391;0,805280474151955;0,986519611524427;0,27472625410468;0,753391647218758;0,664009460559172;0,814867756485169;-21,1142568852406
0,987;1;0,425906826394836;0,860759493670886;0,175314212052852;0,803128178327044;0,606256356654088;0,803128178327044;0,99108008125283;0,275633249021364;0,756685392225014;0,668859885673875;0,817838544991537;-21,2757960700872
0,937;1;0,430064732678015;0,860759493670886;0,174582798459564;0,802470416740321;0,604940833480641;0,802470416740321;0,990158897867861;0,27501754602113;0,75613753200629;0,667766371783937;0,817169732542718;-21,2393775421805
0,89;1;0,371996924851047;0,895569620253165;0,166226138032305;0,805838229794733;0,611676459589466;0,805838229794733;0,984710471047105;0,275311437456103;0,753266014893519;0,663023887068205;0,814262787476012;-21,0856252819337
0,227;0;0,352528936580661;0,904024767801858;0,167527251864601;0,806836413027142;0,613672826054285;0,806836413027142;0,978649864986499;0,279782895534452;0,75694253029146;0,669415572490049;0,818178203382399;-20,8535191718817
0,588;1;0,327971496897622;0,904024767801858;0,164321890827237;0,803412929962209;0,606825859924418;0,803412929962209;0,981266014215171;0,2818332825156;0,758999604946925;0,670476901179658;0,818826539127584;-20,8902405220593
0,737;1;0,340630812593429;0,909375;0,165670367207515;0,807943972491909;0,615887944983819;0,807943972491909;0,976510580594196;0,279356262987811;0,759154429111522;0,67196929650528;0,819737333848642;-21,1295364341986
